date,rho,converged,n_iters
2016-03-14,0.6946200728416443,True,18
2016-03-15,0.6660878658294678,True,17
2016-03-16,0.6667656302452087,True,14
2016-03-17,0.6664686799049377,True,13
2016-03-18,0.6688413023948669,True,15
2016-03-21,0.6716761589050293,True,14
2016-03-22,0.6677553057670593,True,14
2016-03-23,0.6677036285400391,True,15
2016-03-24,0.6648534536361694,True,15
2016-03-28,0.6642074584960938,True,15
2016-03-29,0.6947794556617737,True,19
2016-03-30,0.6806172728538513,True,18
2016-03-31,0.7148255705833435,True,21
2016-04-01,0.6953117251396179,True,19
2016-04-04,0.6770501136779785,True,18
2016-04-05,0.6643601059913635,True,14
2016-04-06,0.6674489974975586,True,15
2016-04-07,0.680808424949646,True,18
2016-04-08,0.6877914071083069,True,18
2016-04-11,0.6911712288856506,True,19
2016-04-12,0.7248818874359131,True,20
2016-04-13,0.6978179216384888,True,20
2016-04-14,0.6872066855430603,True,14
2016-04-15,0.6805850863456726,True,16
2016-04-18,0.68451988697052,True,17
2016-04-19,0.6971350908279419,True,19
2016-04-20,0.6904908418655396,True,19
2016-04-21,0.6850975751876831,True,15
2016-04-22,0.6848717927932739,True,17
2016-04-25,0.6821179986000061,True,15
2016-04-26,0.6920316219329834,True,16
2016-04-27,0.6820217967033386,True,18
2016-04-28,0.6797270774841309,True,15
2016-04-29,0.6876288652420044,True,18
2016-05-02,0.6980648040771484,True,19
2016-05-03,0.6898868083953857,True,17
2016-05-04,0.6859095692634583,True,18
2016-05-05,0.6852529644966125,True,18
2016-05-06,0.6911432147026062,True,18
2016-05-09,0.68011075258255,True,17
2016-05-10,0.6716598868370056,True,18
2016-05-11,0.6797184944152832,True,18
2016-05-12,0.6979589462280273,True,19
2016-05-13,0.660183846950531,True,14
2016-05-16,0.6603246927261353,True,15
2016-05-17,0.6606867909431458,True,16
2016-05-18,0.6637843251228333,True,14
2016-05-19,0.6590772271156311,True,15
2016-05-20,0.6599114537239075,True,15
2016-05-23,0.6602133512496948,True,14
2016-05-24,0.6623099446296692,True,13
2016-05-25,0.6610690951347351,True,16
2016-05-26,0.655300498008728,True,14
2016-05-27,0.6548280715942383,True,13
2016-05-31,0.6552861332893372,True,13
2016-06-01,0.6551606059074402,True,15
2016-06-02,0.6569178104400635,True,12
2016-06-03,0.6595122218132019,True,12
2016-06-06,0.6584609746932983,True,15
2016-06-07,0.6576699018478394,True,14
2016-06-08,0.6600707769393921,True,13
2016-06-09,0.6601375341415405,True,14
2016-06-10,0.6587266325950623,True,13
2016-06-13,0.6566839814186096,True,12
2016-06-14,0.6839369535446167,True,18
2016-06-15,0.682933509349823,True,17
2016-06-16,0.6810989379882812,True,18
2016-06-17,0.7472277283668518,True,21
2016-06-20,0.7545880675315857,True,21
2016-06-21,0.7464488744735718,True,24
2016-06-22,0.7371960878372192,True,23
2016-06-23,0.7518316507339478,True,23
2016-06-24,0.6577436923980713,True,17
2016-06-27,0.6571326851844788,True,14
2016-06-28,0.6585793495178223,True,14
2016-06-29,0.6585564613342285,True,13
2016-06-30,0.6570414900779724,True,14
2016-07-01,0.6563921570777893,True,16
2016-07-05,0.657647967338562,True,15
2016-07-06,0.6589897274971008,True,13
2016-07-07,0.6646589636802673,True,16
2016-07-08,0.6786361336708069,True,18
2016-07-11,0.6873841881752014,True,18
2016-07-12,0.690941572189331,True,18
2016-07-13,0.6801468133926392,True,17
2016-07-14,0.7328684329986572,True,21
2016-07-15,0.6942956447601318,True,19
2016-07-18,0.6726174354553223,True,17
2016-07-19,0.6821098327636719,True,18
2016-07-20,0.7058742642402649,True,18
2016-07-21,0.6823632121086121,True,16
2016-07-22,0.7005305886268616,True,18
2016-07-25,0.711997389793396,True,20
2016-07-26,0.6700655221939087,True,16
2016-07-27,0.6665137410163879,True,13
2016-07-28,0.6668692231178284,True,16
2016-07-29,0.6737248301506042,True,17
2016-08-01,0.6709574460983276,True,14
2016-08-02,0.6697984337806702,True,15
2016-08-03,0.6665250062942505,True,14
2016-08-04,0.6687520742416382,True,15
2016-08-05,0.675193190574646,True,16
2016-08-08,0.6923394203186035,True,19
2016-08-09,0.6912683844566345,True,18
2016-08-10,0.6944113373756409,True,17
2016-08-11,0.6923399567604065,True,15
2016-08-12,0.6835389137268066,True,19
2016-08-15,0.6784077286720276,True,16
2016-08-16,0.675527811050415,True,15
2016-08-17,0.6716592907905579,True,16
2016-08-18,0.6889724135398865,True,16
2016-08-19,0.6797561049461365,True,16
2016-08-22,0.6777843832969666,True,16
2016-08-23,0.6823563575744629,True,15
2016-08-24,0.6631892323493958,True,17
2016-08-25,0.6857918500900269,True,19
2016-08-26,0.6931577920913696,True,16
2016-08-29,0.6798577904701233,True,17
2016-08-30,0.7016803622245789,True,19
2016-08-31,0.679278552532196,True,18
2016-09-01,0.6666698455810547,True,16
2016-09-02,0.6696441173553467,True,15
2016-09-06,0.6795358061790466,True,16
2016-09-07,0.6731964349746704,True,16
2016-09-08,0.7104629278182983,True,20
2016-09-09,0.6696175336837769,True,18
2016-09-12,0.6594796180725098,True,16
2016-09-13,0.6618582606315613,True,14
2016-09-14,0.6558836102485657,True,16
2016-09-15,0.6536237001419067,True,13
2016-09-16,0.6537706851959229,True,15
2016-09-19,0.6537082195281982,True,13
2016-09-20,0.6529852151870728,True,13
2016-09-21,0.6560254693031311,True,13
2016-09-22,0.6535454988479614,True,13
2016-09-23,0.6536549925804138,True,13
2016-09-26,0.6529539823532104,True,13
2016-09-27,0.6509636640548706,True,12
2016-09-28,0.6513448357582092,True,13
2016-09-29,0.6524989604949951,True,14
2016-09-30,0.6567677855491638,True,16
2016-10-03,0.6610832214355469,True,16
2016-10-04,0.658117413520813,True,15
2016-10-05,0.6579891443252563,True,14
2016-10-06,0.6588746309280396,True,15
2016-10-07,0.6562581062316895,True,13
2016-10-10,0.6626847386360168,True,16
2016-10-11,0.6688843965530396,True,13
2016-10-12,0.6674410700798035,True,14
2016-10-13,0.6761744618415833,True,14
2016-10-14,0.6885954737663269,True,18
2016-10-17,0.6887009143829346,True,16
2016-10-18,0.6850531697273254,True,15
2016-10-19,0.6942237019538879,True,17
2016-10-20,0.6877783536911011,True,16
2016-10-21,0.6886599063873291,True,18
2016-10-24,0.6827245950698853,True,18
2016-10-25,0.6834808588027954,True,15
2016-10-26,0.6975719332695007,True,19
2016-10-27,0.6984944939613342,True,19
2016-10-28,0.6965697407722473,True,17
2016-10-31,0.6837331056594849,True,19
2016-11-01,0.68670654296875,True,16
2016-11-02,0.6721806526184082,True,17
2016-11-03,0.6930743455886841,True,18
2016-11-04,0.6717923879623413,True,18
2016-11-07,0.6659212112426758,True,17
2016-11-08,0.6692409515380859,True,15
2016-11-09,0.669842541217804,True,15
2016-11-10,0.6556417346000671,True,16
2016-11-11,0.652373194694519,True,13
2016-11-14,0.6533152461051941,True,12
2016-11-15,0.6537173390388489,True,15
2016-11-16,0.6535953879356384,True,15
2016-11-17,0.652797520160675,True,15
2016-11-18,0.6531051993370056,True,13
2016-11-21,0.6529334187507629,True,15
2016-11-22,0.6526530385017395,True,14
2016-11-23,0.6537483930587769,True,16
2016-11-25,0.6540898680686951,True,15
2016-11-28,0.6537526845932007,True,15
2016-11-29,0.6535961627960205,True,14
2016-11-30,0.6600531339645386,True,14
2016-12-01,0.6583684086799622,True,16
2016-12-02,0.6578351259231567,True,14
2016-12-05,0.65873122215271,True,15
2016-12-06,0.6575033068656921,True,16
2016-12-07,0.6547995209693909,True,12
2016-12-08,0.6552014350891113,True,16
2016-12-09,0.654016375541687,True,12
2016-12-12,0.6537231206893921,True,13
2016-12-13,0.6583097577095032,True,13
2016-12-14,0.6557288765907288,True,13
2016-12-15,0.6554591655731201,True,15
2016-12-16,0.6633777022361755,True,13
2016-12-19,0.6595332026481628,True,15
2016-12-20,0.6583912372589111,True,15
2016-12-21,0.6554785370826721,True,12
2016-12-22,0.6580927968025208,True,13
2016-12-23,0.6592860817909241,True,15
2016-12-27,0.6652974486351013,True,15
2016-12-28,0.6568689346313477,True,13
2016-12-29,0.6630274057388306,True,13
2016-12-30,0.6624419093132019,True,13
2017-01-03,0.6585272550582886,True,15
2017-01-04,0.6579294800758362,True,15
2017-01-05,0.6588123440742493,True,16
2017-01-06,0.659415602684021,True,15
2017-01-09,0.656464159488678,True,13
2017-01-10,0.6541481018066406,True,12
2017-01-11,0.6531804203987122,True,14
2017-01-12,0.6526488661766052,True,15
2017-01-13,0.6518916487693787,True,11
2017-01-17,0.6526748538017273,True,13
2017-01-18,0.6521420478820801,True,11
2017-01-19,0.6520910263061523,True,12
2017-01-20,0.6523433923721313,True,12
2017-01-23,0.6523666977882385,True,13
2017-01-24,0.6524739861488342,True,12
2017-01-25,0.6519201993942261,True,15
2017-01-26,0.6521017551422119,True,15
2017-01-27,0.65240079164505,True,13
2017-01-30,0.656033992767334,True,12
2017-01-31,0.6573488116264343,True,15
2017-02-01,0.6547999978065491,True,13
2017-02-02,0.6560522317886353,True,13
2017-02-03,0.6549420356750488,True,13
2017-02-06,0.6549391746520996,True,15
2017-02-07,0.6555458307266235,True,13
2017-02-08,0.6572936773300171,True,13
2017-02-09,0.6562215089797974,True,14
2017-02-10,0.656734824180603,True,14
2017-02-13,0.6544039249420166,True,13
2017-02-14,0.6545768976211548,True,13
2017-02-15,0.6558558940887451,True,14
2017-02-16,0.6545764803886414,True,15
2017-02-17,0.6554869413375854,True,12
2017-02-21,0.6565938591957092,True,13
2017-02-22,0.6555887460708618,True,14
2017-02-23,0.6549454927444458,True,15
2017-02-24,0.6554852724075317,True,15
2017-02-27,0.6545644998550415,True,15
2017-02-28,0.6547417640686035,True,14
2017-03-01,0.6548726558685303,True,12
2017-03-02,0.6543599963188171,True,15
2017-03-03,0.6541747450828552,True,12
2017-03-06,0.6541107296943665,True,14
2017-03-07,0.6546249985694885,True,15
2017-03-08,0.6528428792953491,True,12
2017-03-09,0.653016209602356,True,12
2017-03-10,0.6521774530410767,True,11
2017-03-13,0.6522750854492188,True,15
2017-03-14,0.6518203616142273,True,11
2017-03-15,0.6515491008758545,True,11
2017-03-16,0.6513379812240601,True,12
2017-03-17,0.6512061953544617,True,12
2017-03-20,0.6510607600212097,True,13
2017-03-21,0.6512125134468079,True,14
2017-03-22,0.651659369468689,True,12
2017-03-23,0.651439905166626,True,14
2017-03-24,0.6520555019378662,True,13
2017-03-27,0.6521469950675964,True,12
2017-03-28,0.6528682708740234,True,15
2017-03-29,0.6527527570724487,True,13
2017-03-30,0.6536728739738464,True,13
2017-03-31,0.6556364893913269,True,14
2017-04-03,0.6688294410705566,True,16
2017-04-04,0.6547290682792664,True,15
2017-04-05,0.6538263559341431,True,12
2017-04-06,0.6588243246078491,True,17
2017-04-07,0.6596642732620239,True,13
2017-04-10,0.6613692045211792,True,16
2017-04-11,0.6646870374679565,True,14
2017-04-12,0.6691901087760925,True,16
2017-04-13,0.6683165431022644,True,15
2017-04-17,0.662741482257843,True,13
2017-04-18,0.6623953580856323,True,14
2017-04-19,0.666627824306488,True,13
2017-04-20,0.6588714718818665,True,17
2017-04-21,0.6587817668914795,True,14
2017-04-24,0.6557462215423584,True,14
2017-04-25,0.6554265022277832,True,13
2017-04-26,0.6565600037574768,True,13
2017-04-27,0.655622124671936,True,13
2017-04-28,0.6543002128601074,True,14
2017-05-01,0.6532553434371948,True,13
2017-05-02,0.6523352265357971,True,13
2017-05-03,0.6521449685096741,True,13
2017-05-04,0.6524431705474854,True,15
2017-05-05,0.652355968952179,True,13
2017-05-08,0.6523351669311523,True,12
2017-05-09,0.6523892879486084,True,15
2017-05-10,0.6510848999023438,True,13
2017-05-11,0.65095454454422,True,12
2017-05-12,0.6510447263717651,True,12
2017-05-15,0.6516510248184204,True,11
2017-05-16,0.6515751481056213,True,14
2017-05-17,0.6508836150169373,True,14
2017-05-18,0.6511777639389038,True,13
2017-05-19,0.6514031291007996,True,14
2017-05-22,0.6519938707351685,True,11
2017-05-23,0.6528043746948242,True,12
2017-05-24,0.6520448923110962,True,12
2017-05-25,0.6513493657112122,True,14
2017-05-26,0.6515496969223022,True,12
2017-05-30,0.6514743566513062,True,12
2017-05-31,0.651434063911438,True,12
2017-06-01,0.6514090895652771,True,12
2017-06-02,0.6514957547187805,True,12
2017-06-05,0.6520015597343445,True,13
2017-06-06,0.6524981260299683,True,15
2017-06-07,0.6515790820121765,True,13
2017-06-08,0.6514834761619568,True,13
2017-06-09,0.6522452235221863,True,14
2017-06-12,0.6546977162361145,True,13
2017-06-13,0.6555725336074829,True,13
2017-06-14,0.6572885513305664,True,14
2017-06-15,0.6547439098358154,True,12
2017-06-16,0.6552814841270447,True,12
2017-06-19,0.6550114750862122,True,15
2017-06-20,0.6594893336296082,True,13
2017-06-21,0.6651613712310791,True,13
2017-06-22,0.66504967212677,True,13
2017-06-23,0.6628556847572327,True,13
2017-06-26,0.6535102128982544,True,14
2017-06-27,0.6534693241119385,True,15
2017-06-28,0.6534469127655029,True,13
2017-06-29,0.6536732912063599,True,15
2017-06-30,0.6542628407478333,True,15
2017-07-03,0.6567740440368652,True,12
2017-07-05,0.6539859771728516,True,12
2017-07-06,0.6526784300804138,True,12
2017-07-07,0.6534542441368103,True,12
2017-07-10,0.6539410948753357,True,15
2017-07-11,0.6542458534240723,True,15
2017-07-12,0.6538205742835999,True,15
2017-07-13,0.6539086699485779,True,15
2017-07-14,0.6590479016304016,True,14
2017-07-17,0.6590035557746887,True,15
2017-07-18,0.6586330533027649,True,13
2017-07-19,0.6629708409309387,True,13
2017-07-20,0.6673716902732849,True,16
2017-07-21,0.6727822422981262,True,13
2017-07-24,0.6710008978843689,True,16
2017-07-25,0.6732912063598633,True,14
2017-07-26,0.682656466960907,True,16
2017-07-27,0.6889707446098328,True,16
2017-07-28,0.7010737657546997,True,18
2017-07-31,0.6934105157852173,True,17
2017-08-01,0.6788321733474731,True,17
2017-08-02,0.6719287633895874,True,17
2017-08-03,0.6682904362678528,True,14
2017-08-04,0.6908890604972839,True,17
2017-08-07,0.6804633140563965,True,15
2017-08-08,0.6758456826210022,True,16
2017-08-09,0.6860564351081848,True,18
2017-08-10,0.6686111092567444,True,17
2017-08-11,0.6597104072570801,True,15
2017-08-14,0.6542844772338867,True,14
2017-08-15,0.6549780368804932,True,15
2017-08-16,0.6543291807174683,True,13
2017-08-17,0.6571369767189026,True,13
2017-08-18,0.6604004502296448,True,13
2017-08-21,0.661563515663147,True,16
2017-08-22,0.6616447567939758,True,16
2017-08-23,0.6571242213249207,True,13
2017-08-24,0.6567955613136292,True,13
2017-08-25,0.6531873941421509,True,14
2017-08-28,0.6533883810043335,True,13
2017-08-29,0.6529031991958618,True,14
2017-08-30,0.6533184051513672,True,12
2017-08-31,0.6526119112968445,True,13
2017-09-01,0.6520994305610657,True,15
2017-09-05,0.6525994539260864,True,12
2017-09-06,0.6534261107444763,True,12
2017-09-07,0.6534122228622437,True,12
2017-09-08,0.6538947224617004,True,12
2017-09-11,0.6523841023445129,True,15
2017-09-12,0.6565989255905151,True,15
2017-09-13,0.6688351035118103,True,18
2017-09-14,0.671343207359314,True,16
2017-09-15,0.6702831983566284,True,14
2017-09-18,0.6687009334564209,True,14
2017-09-19,0.6678050756454468,True,14
2017-09-20,0.6751381754875183,True,16
2017-09-21,0.6749823093414307,True,15
2017-09-22,0.6713771820068359,True,15
2017-09-25,0.6706798672676086,True,15
2017-09-26,0.6713380813598633,True,14
2017-09-27,0.6688991785049438,True,14
2017-09-28,0.6693228483200073,True,14
2017-09-29,0.6682977080345154,True,15
2017-10-02,0.6683375239372253,True,15
2017-10-03,0.6666367650032043,True,15
2017-10-04,0.6673539876937866,True,16
2017-10-05,0.6657652258872986,True,15
2017-10-06,0.6641334891319275,True,15
2017-10-09,0.6719934940338135,True,14
2017-10-10,0.6776413917541504,True,17
2017-10-11,0.6761481761932373,True,16
2017-10-12,0.6729782819747925,True,14
2017-10-13,0.676847517490387,True,14
2017-10-16,0.6787397265434265,True,15
2017-10-17,0.6880503296852112,True,18
2017-10-18,0.6885609030723572,True,17
2017-10-19,0.7125793099403381,True,20
2017-10-20,0.7366873025894165,True,21
2017-10-23,0.7317937612533569,True,20
2017-10-24,0.742936909198761,True,20
2017-10-25,0.769668698310852,True,22
2017-10-26,0.7384396195411682,True,20
2017-10-27,0.7157245874404907,True,18
2017-10-30,0.7206053137779236,True,19
2017-10-31,0.7345028519630432,True,21
2017-11-01,0.7289075255393982,True,21
2017-11-02,0.7191532850265503,True,21
2017-11-03,0.7065049409866333,True,20
2017-11-06,0.7134034633636475,True,20
2017-11-07,0.6901495456695557,True,19
2017-11-08,0.6750922799110413,True,18
2017-11-09,0.6722781658172607,True,14
2017-11-10,0.677212119102478,True,15
2017-11-13,0.6685872673988342,True,16
2017-11-14,0.6630240678787231,True,17
2017-11-15,0.6666163206100464,True,14
2017-11-16,0.662316083908081,True,15
2017-11-17,0.6666291952133179,True,16
2017-11-20,0.6599020957946777,True,16
2017-11-21,0.6583446264266968,True,15
2017-11-22,0.6569139957427979,True,13
2017-11-24,0.6601568460464478,True,14
2017-11-27,0.6589640974998474,True,14
2017-11-28,0.6627299189567566,True,16
2017-11-29,0.6597922444343567,True,15
2017-11-30,0.6606926321983337,True,13
2017-12-01,0.659637987613678,True,13
2017-12-04,0.6542021036148071,True,14
2017-12-05,0.6540417671203613,True,12
2017-12-06,0.6527911424636841,True,12
2017-12-07,0.653580904006958,True,12
2017-12-08,0.6542257070541382,True,12
2017-12-11,0.6545146703720093,True,12
2017-12-12,0.6562672257423401,True,12
2017-12-13,0.6543758511543274,True,13
2017-12-14,0.6557656526565552,True,12
2017-12-15,0.6561516523361206,True,12
2017-12-18,0.6563671231269836,True,15
2017-12-19,0.6568992137908936,True,15
2017-12-20,0.6571869254112244,True,14
2017-12-21,0.6581493616104126,True,15
2017-12-22,0.6590165495872498,True,15
2017-12-26,0.6645430326461792,True,14
2017-12-27,0.6648353934288025,True,16
2017-12-28,0.6635291576385498,True,15
2017-12-29,0.6863452792167664,True,18
2018-01-02,0.701113760471344,True,20
2018-01-03,0.690746545791626,True,19
2018-01-04,0.7477005124092102,True,20
2018-01-05,0.7732574343681335,True,24
2018-01-08,0.7811494469642639,True,25
2018-01-09,0.7816681861877441,True,24
2018-01-10,0.7750536799430847,True,25
2018-01-11,0.7839537858963013,True,21
2018-01-12,0.8167394399642944,True,33
2018-01-16,0.7863687872886658,True,22
2018-01-17,0.7727172374725342,True,24
2018-01-18,0.7607031464576721,True,21
2018-01-19,0.7560145854949951,True,24
2018-01-22,0.7606275081634521,True,22
2018-01-23,0.7371807098388672,True,19
2018-01-24,0.7543858289718628,True,21
2018-01-25,0.7441247701644897,True,21
2018-01-26,0.7626720666885376,True,21
2018-01-29,0.7449678182601929,True,24
2018-01-30,0.8202303647994995,True,22
2018-01-31,0.8140636086463928,True,27
2018-02-01,0.8101156949996948,True,25
2018-02-02,0.8494145274162292,True,30
2018-02-05,0.8251546621322632,True,20
2018-02-06,0.8240087628364563,True,29
2018-02-07,0.8351776003837585,True,33
2018-02-08,0.8480785489082336,True,35
2018-02-09,0.8543863296508789,True,43
2018-02-12,0.8619728684425354,True,40
2018-02-13,0.9019098877906799,True,49
2018-02-14,0.8581504225730896,True,19
2018-02-15,0.8300166130065918,True,20
2018-02-16,0.8470463752746582,True,24
2018-02-20,0.8914645910263062,True,52
2018-02-21,0.8973489999771118,True,63
2018-02-22,0.8814482092857361,True,45
2018-02-23,0.8991189002990723,True,63
2018-02-26,0.8849207162857056,True,53
2018-02-27,0.9080553650856018,True,42
2018-02-28,0.8881490230560303,True,40
2018-03-01,0.9053242802619934,True,64
2018-03-02,0.9138571619987488,True,61
2018-03-05,0.9053186178207397,True,38
2018-03-06,0.9003350138664246,True,67
2018-03-07,0.8174232244491577,True,29
2018-03-08,0.8212331533432007,True,24
2018-03-09,0.8300199508666992,True,21
2018-03-12,0.8528347015380859,True,25
2018-03-13,0.8122442960739136,True,25
2018-03-14,0.8238801956176758,True,21
2018-03-15,0.8363847732543945,True,38
2018-03-16,0.835667610168457,True,19
2018-03-19,0.8194313049316406,True,25
2018-03-20,0.806117832660675,True,22
2018-03-21,0.7392079830169678,True,23
2018-03-22,0.8078902363777161,True,26
2018-03-23,0.8848291039466858,True,33
2018-03-26,0.8456311821937561,True,30
2018-03-27,0.8872267603874207,True,49
2018-03-28,0.8789879083633423,True,44
2018-03-29,0.787746787071228,True,19
2018-04-02,0.85593181848526,True,30
2018-04-03,0.8381670117378235,True,18
2018-04-04,0.8478057384490967,True,31
2018-04-05,0.8589333295822144,True,45
2018-04-06,0.9023717641830444,True,30
2018-04-09,0.8846922516822815,True,44
2018-04-10,0.8613519072532654,True,32
2018-04-11,0.86794114112854,True,45
2018-04-12,0.8634631633758545,True,40
2018-04-13,0.8622308969497681,True,47
2018-04-16,0.8392495512962341,True,21
2018-04-17,0.8670380711555481,True,27
2018-04-18,0.8109518885612488,True,21
2018-04-19,0.8401041030883789,True,39
2018-04-20,0.8396413326263428,True,22
2018-04-23,0.7428973317146301,True,20
2018-04-24,0.7142577767372131,True,22
2018-04-25,0.7513636350631714,True,22
2018-04-26,0.6996975541114807,True,19
2018-04-27,0.7111709117889404,True,20
2018-04-30,0.723760724067688,True,20
2018-05-01,0.7008817791938782,True,19
2018-05-02,0.6965281367301941,True,19
2018-05-03,0.695931613445282,True,19
2018-05-04,0.692771315574646,True,18
2018-05-07,0.7016507387161255,True,18
2018-05-08,0.6948748230934143,True,19
2018-05-09,0.6908953189849854,True,16
2018-05-10,0.6973479390144348,True,18
2018-05-11,0.6973660588264465,True,17
2018-05-14,0.7042705416679382,True,17
2018-05-15,0.6916886568069458,True,15
2018-05-16,0.7002339363098145,True,16
2018-05-17,0.6947247385978699,True,17
2018-05-18,0.6891452074050903,True,17
2018-05-21,0.6718151569366455,True,17
2018-05-22,0.6699090003967285,True,14
2018-05-23,0.672161340713501,True,14
2018-05-24,0.6693103909492493,True,16
2018-05-25,0.6582314372062683,True,15
2018-05-29,0.6554216146469116,True,14
2018-05-30,0.6564515233039856,True,14
2018-05-31,0.6549584269523621,True,12
2018-06-01,0.6562182903289795,True,15
2018-06-04,0.6578145623207092,True,15
2018-06-05,0.6592215895652771,True,13
2018-06-06,0.6615052223205566,True,15
2018-06-07,0.6562502384185791,True,12
2018-06-08,0.6568977236747742,True,13
2018-06-11,0.6591958999633789,True,15
2018-06-12,0.6583606600761414,True,16
2018-06-13,0.6583702564239502,True,12
2018-06-14,0.6610165238380432,True,14
2018-06-15,0.6562983393669128,True,15
2018-06-18,0.6566504836082458,True,15
2018-06-19,0.6586684584617615,True,16
2018-06-20,0.6685640811920166,True,14
2018-06-21,0.6669831871986389,True,16
2018-06-22,0.6667352318763733,True,16
2018-06-25,0.6669055223464966,True,14
2018-06-26,0.6537314057350159,True,14
2018-06-27,0.653415858745575,True,15
2018-06-28,0.6534349322319031,True,12
2018-06-29,0.6547707319259644,True,13
2018-07-02,0.656015932559967,True,13
2018-07-03,0.6606809496879578,True,13
2018-07-05,0.6594327688217163,True,13
2018-07-06,0.6660504937171936,True,16
2018-07-09,0.6568245887756348,True,16
2018-07-10,0.6564897894859314,True,13
2018-07-11,0.6558789610862732,True,15
2018-07-12,0.6596211194992065,True,15
2018-07-13,0.662060558795929,True,16
2018-07-16,0.6636099219322205,True,15
2018-07-17,0.6619770526885986,True,14
2018-07-18,0.658139169216156,True,14
2018-07-19,0.6535812020301819,True,12
2018-07-20,0.6537420153617859,True,12
2018-07-23,0.6544075012207031,True,13
2018-07-24,0.6545551419258118,True,14
2018-07-25,0.6630101799964905,True,16
2018-07-26,0.6609001159667969,True,14
2018-07-27,0.6650769114494324,True,15
2018-07-30,0.6612885594367981,True,14
2018-07-31,0.6590425968170166,True,15
2018-08-01,0.6592084765434265,True,16
2018-08-02,0.6617539525032043,True,13
2018-08-03,0.6631365418434143,True,13
2018-08-06,0.6644136309623718,True,14
2018-08-07,0.6716467142105103,True,16
2018-08-08,0.6649242043495178,True,17
2018-08-09,0.6810899376869202,True,18
2018-08-10,0.6755260229110718,True,17
2018-08-13,0.6683077216148376,True,17
2018-08-14,0.6744331121444702,True,18
2018-08-15,0.6603112816810608,True,17
2018-08-16,0.6587574481964111,True,15
2018-08-17,0.6624831557273865,True,16
2018-08-20,0.659780740737915,True,14
2018-08-21,0.6582579016685486,True,13
2018-08-22,0.6581332087516785,True,14
2018-08-23,0.6586223840713501,True,15
2018-08-24,0.6591452360153198,True,15
2018-08-27,0.6595132350921631,True,15
2018-08-28,0.6611806750297546,True,13
2018-08-29,0.6632565259933472,True,14
2018-08-30,0.6643384099006653,True,15
2018-08-31,0.6642084717750549,True,14
2018-09-04,0.663278341293335,True,14
2018-09-05,0.6606188416481018,True,13
2018-09-06,0.6558358073234558,True,15
2018-09-07,0.659307599067688,True,15
2018-09-10,0.6574609279632568,True,14
2018-09-11,0.6586103439331055,True,13
2018-09-12,0.6669338941574097,True,17
2018-09-13,0.6578202843666077,True,17
2018-09-14,0.6917628645896912,True,18
2018-09-17,0.7081487774848938,True,20
2018-09-18,0.7375534176826477,True,23
2018-09-19,0.77837073802948,True,26
2018-09-20,0.7671781778335571,True,24
2018-09-21,0.7681793570518494,True,25
2018-09-24,0.8033508062362671,True,31
2018-09-25,0.7754454612731934,True,27
2018-09-26,0.7672737240791321,True,23
2018-09-27,0.7598340511322021,True,25
2018-09-28,0.7344146370887756,True,18
2018-10-01,0.7906925678253174,True,28
2018-10-02,0.7974843978881836,True,29
2018-10-03,0.8043854832649231,True,28
2018-10-04,0.7949764728546143,True,27
2018-10-05,0.8007098436355591,True,25
2018-10-08,0.7825160026550293,True,29
2018-10-09,0.7906152606010437,True,28
2018-10-10,0.8287749290466309,True,27
2018-10-11,0.8313631415367126,True,26
2018-10-12,0.8063250184059143,True,32
2018-10-15,0.8124473690986633,True,29
2018-10-16,0.8072159290313721,True,21
2018-10-17,0.8643538355827332,True,46
2018-10-18,0.8749907612800598,True,52
2018-10-19,0.8766959309577942,True,46
2018-10-22,0.8787503242492676,True,26
2018-10-23,0.9202995896339417,True,60
2018-10-24,0.9200150966644287,True,81
2018-10-25,0.9302768111228943,True,94
2018-10-26,0.926069438457489,True,73
2018-10-29,0.9053537249565125,True,37
2018-10-30,0.9003711342811584,True,65
2018-10-31,0.8961137533187866,True,63
2018-11-01,0.8952555656433105,True,60
2018-11-02,0.8919288516044617,True,53
2018-11-05,0.8819530606269836,True,36
2018-11-06,0.8931294679641724,True,20
2018-11-07,0.9069258570671082,True,21
2018-11-08,0.880510687828064,True,20
2018-11-09,0.9236594438552856,True,49
2018-11-12,0.8958941698074341,True,22
2018-11-13,0.9147681593894958,True,53
2018-11-14,0.9018956422805786,True,67
2018-11-15,0.9071246385574341,True,69
2018-11-16,0.8979912400245667,True,20
2018-11-19,0.8875420093536377,True,19
2018-11-20,0.8984489440917969,True,61
2018-11-21,0.8910181522369385,True,51
2018-11-23,0.9238377213478088,True,85
2018-11-26,0.9280357956886292,True,58
2018-11-27,0.9332591891288757,True,99
2018-11-28,0.8750316500663757,True,20
2018-11-29,0.8665434718132019,True,46
2018-11-30,0.8848221302032471,True,52
2018-12-03,0.894874632358551,True,60
2018-12-04,0.881313145160675,True,44
2018-12-06,0.8666567206382751,True,35
2018-12-07,0.8688873052597046,True,49
2018-12-10,0.8672066926956177,True,42
2018-12-11,0.8711003065109253,True,42
2018-12-12,0.8662729263305664,True,38
2018-12-13,0.8545586466789246,True,39
2018-12-14,0.8490146994590759,True,28
2018-12-17,0.8774256706237793,True,49
2018-12-18,0.8828506469726562,True,40
2018-12-19,0.9107682704925537,True,53
2018-12-20,0.8649852871894836,True,22
2018-12-21,0.8641761541366577,True,28
2018-12-24,0.8858378529548645,True,26
2018-12-26,0.8758604526519775,True,45
2018-12-27,0.9080532193183899,True,71
2018-12-28,0.9078109264373779,True,65
2018-12-31,0.9299416542053223,True,65
2019-01-02,0.921259343624115,True,84
2019-01-03,0.94307541847229,True,82
2019-01-04,0.9212328791618347,True,85
2019-01-07,0.8715397119522095,True,27
2019-01-08,0.8520437479019165,True,29
2019-01-09,0.8185887932777405,True,18
2019-01-10,0.8421611189842224,True,20
2019-01-11,0.8199188113212585,True,27
2019-01-14,0.8036050200462341,True,19
2019-01-15,0.7939284443855286,True,27
2019-01-16,0.7896046042442322,True,20
2019-01-17,0.798656165599823,True,18
2019-01-18,0.7424004077911377,True,18
2019-01-22,0.7446357011795044,True,23
2019-01-23,0.7350629568099976,True,19
2019-01-24,0.7660145163536072,True,20
2019-01-25,0.7443289160728455,True,20
2019-01-28,0.7236478924751282,True,22
2019-01-29,0.7074026465415955,True,19
2019-01-30,0.7473866939544678,True,23
2019-01-31,0.7434270977973938,True,22
2019-02-01,0.7402229905128479,True,19
2019-02-04,0.7309552431106567,True,19
2019-02-05,0.6758626699447632,True,18
2019-02-06,0.6738916039466858,True,17
2019-02-07,0.6873525381088257,True,17
2019-02-08,0.6718632578849792,True,14
2019-02-11,0.6706140041351318,True,15
2019-02-12,0.6747329831123352,True,13
2019-02-13,0.6720637679100037,True,14
2019-02-14,0.6670515537261963,True,15
2019-02-15,0.6716889142990112,True,16
2019-02-19,0.6838358640670776,True,16
2019-02-20,0.6685843467712402,True,16
2019-02-21,0.6766627430915833,True,14
2019-02-22,0.6736063957214355,True,16
2019-02-25,0.6657394766807556,True,13
2019-02-26,0.6630212664604187,True,16
2019-02-27,0.6896424293518066,True,18
2019-02-28,0.6873977780342102,True,17
2019-03-01,0.6733754277229309,True,15
2019-03-04,0.6829808950424194,True,17
2019-03-05,0.680117130279541,True,17
2019-03-06,0.6776082515716553,True,16
2019-03-07,0.6734925508499146,True,15
2019-03-08,0.6793169379234314,True,16
2019-03-11,0.6802547574043274,True,15
2019-03-12,0.6846023201942444,True,17
2019-03-13,0.7024437189102173,True,19
2019-03-14,0.690330982208252,True,17
2019-03-15,0.6959047913551331,True,16
2019-03-18,0.6997412443161011,True,17
2019-03-19,0.6956580877304077,True,15
2019-03-20,0.6730244159698486,True,18
2019-03-21,0.6664678454399109,True,15
2019-03-22,0.6565290689468384,True,15
2019-03-25,0.6571468114852905,True,15
2019-03-26,0.6653990149497986,True,16
2019-03-27,0.661705493927002,True,14
2019-03-28,0.6587291359901428,True,15
2019-03-29,0.6604074835777283,True,13
2019-04-01,0.6722508668899536,True,17
2019-04-02,0.6748935580253601,True,15
2019-04-03,0.6748239398002625,True,15
2019-04-04,0.6853909492492676,True,17
2019-04-05,0.6840223073959351,True,16
2019-04-08,0.6776983737945557,True,15
2019-04-09,0.688405454158783,True,18
2019-04-10,0.6841042637825012,True,16
2019-04-11,0.6713322401046753,True,14
2019-04-12,0.6765586733818054,True,14
2019-04-15,0.6695330142974854,True,14
2019-04-16,0.6646549701690674,True,14
2019-04-17,0.6650272607803345,True,15
2019-04-18,0.6699161529541016,True,14
2019-04-22,0.6869012713432312,True,18
2019-04-23,0.7067571878433228,True,18
2019-04-24,0.69533371925354,True,16
2019-04-25,0.6890369653701782,True,16
2019-04-26,0.7029276490211487,True,17
2019-04-29,0.7173300981521606,True,20
2019-04-30,0.7281890511512756,True,20
2019-05-01,0.6773344874382019,True,18
2019-05-02,0.6644300818443298,True,16
2019-05-03,0.666031002998352,True,15
2019-05-06,0.6689852476119995,True,15
2019-05-07,0.6588278412818909,True,16
2019-05-08,0.658133864402771,True,12
2019-05-09,0.6581385731697083,True,16
2019-05-10,0.6596905589103699,True,13
2019-05-13,0.6654399633407593,True,17
2019-05-14,0.6646201610565186,True,15
2019-05-15,0.672011137008667,True,16
2019-05-16,0.6838304996490479,True,15
2019-05-17,0.6812485456466675,True,16
2019-05-20,0.6802865266799927,True,16
2019-05-21,0.672537624835968,True,15
2019-05-22,0.7026171684265137,True,19
2019-05-23,0.720475971698761,True,19
2019-05-24,0.6913048028945923,True,17
2019-05-28,0.7038660645484924,True,19
2019-05-29,0.6840983629226685,True,15
2019-05-30,0.6766774654388428,True,15
2019-05-31,0.717228889465332,True,20
2019-06-03,0.7219818830490112,True,21
2019-06-04,0.818236768245697,True,33
2019-06-05,0.8656976819038391,True,32
2019-06-06,0.8086174130439758,True,23
2019-06-07,0.7881300449371338,True,22
2019-06-10,0.8007863759994507,True,31
2019-06-11,0.7746782898902893,True,18
2019-06-12,0.6597650647163391,True,17
2019-06-13,0.6583478450775146,True,15
2019-06-14,0.6588872671127319,True,15
2019-06-17,0.657435953617096,True,14
2019-06-18,0.6599144339561462,True,16
2019-06-19,0.6582314968109131,True,15
2019-06-20,0.673349916934967,True,16
2019-06-21,0.6813228726387024,True,15
2019-06-24,0.6722184419631958,True,18
2019-06-25,0.6713371276855469,True,15
2019-06-26,0.672175407409668,True,14
2019-06-27,0.6716887950897217,True,15
2019-06-28,0.6720726490020752,True,17
2019-07-01,0.6752116084098816,True,16
2019-07-02,0.6797388195991516,True,15
2019-07-03,0.6757164001464844,True,16
2019-07-05,0.6859665513038635,True,19
2019-07-08,0.6914796233177185,True,17
2019-07-09,0.7021350264549255,True,19
2019-07-10,0.7036746144294739,True,20
2019-07-11,0.733222484588623,True,21
2019-07-12,0.7459359169006348,True,20
2019-07-15,0.7367437481880188,True,20
2019-07-16,0.726331889629364,True,22
2019-07-17,0.7351269721984863,True,22
2019-07-18,0.7400227785110474,True,19
2019-07-19,0.7657881379127502,True,23
2019-07-22,0.7571530342102051,True,25
2019-07-23,0.8239675164222717,True,24
2019-07-24,0.8066565990447998,True,22
2019-07-25,0.802856981754303,True,24
2019-07-26,0.7872438430786133,True,24
2019-07-29,0.7860533595085144,True,27
2019-07-30,0.7840272188186646,True,21
2019-07-31,0.7650761604309082,True,22
2019-08-01,0.7259029150009155,True,18
2019-08-02,0.7518861293792725,True,24
2019-08-05,0.8577359914779663,True,30
2019-08-06,0.8172704577445984,True,20
2019-08-07,0.7587257623672485,True,21
2019-08-08,0.7880532741546631,True,27
2019-08-09,0.8216730952262878,True,35
2019-08-12,0.8141484260559082,True,25
2019-08-13,0.8124194145202637,True,28
2019-08-14,0.8458557724952698,True,29
2019-08-15,0.8310913443565369,True,28
2019-08-16,0.8354656100273132,True,38
2019-08-19,0.8043859004974365,True,31
2019-08-20,0.8133465647697449,True,26
2019-08-21,0.7883225679397583,True,29
2019-08-22,0.779525876045227,True,28
2019-08-23,0.793870210647583,True,28
2019-08-26,0.7822411060333252,True,26
2019-08-27,0.784166693687439,True,26
2019-08-28,0.7738146185874939,True,26
2019-08-29,0.7485501766204834,True,19
2019-08-30,0.753349244594574,True,23
2019-09-03,0.7220690250396729,True,21
2019-09-04,0.788929283618927,True,22
2019-09-05,0.7688021063804626,True,24
2019-09-06,0.82148677110672,True,21
2019-09-09,0.8235582113265991,True,19
2019-09-10,0.8144481182098389,True,31
2019-09-11,0.8223921060562134,True,22
2019-09-12,0.8174598813056946,True,27
2019-09-13,0.7173585295677185,True,18
2019-09-16,0.7134338021278381,True,20
2019-09-17,0.7446689605712891,True,22
2019-09-18,0.7454907894134521,True,21
2019-09-19,0.7507320046424866,True,24
2019-09-20,0.7625868320465088,True,26
2019-09-23,0.7829728722572327,True,28
2019-09-24,0.6986787915229797,True,20
2019-09-25,0.7487534880638123,True,21
2019-09-26,0.7351062893867493,True,20
2019-09-27,0.7078133821487427,True,20
2019-09-30,0.6925146579742432,True,19
2019-10-01,0.6889243125915527,True,18
2019-10-02,0.7110064625740051,True,18
2019-10-03,0.6734434366226196,True,17
2019-10-04,0.6611864566802979,True,17
2019-10-07,0.6581481695175171,True,16
2019-10-08,0.65931636095047,True,17
2019-10-09,0.6594362258911133,True,14
2019-10-10,0.6584614515304565,True,16
2019-10-11,0.6739594340324402,True,17
2019-10-14,0.6595504283905029,True,16
2019-10-15,0.6551490426063538,True,16
2019-10-16,0.6560462117195129,True,15
2019-10-17,0.6563491225242615,True,15
2019-10-18,0.6552372574806213,True,14
2019-10-21,0.6550137400627136,True,14
2019-10-22,0.6567811369895935,True,15
2019-10-23,0.6584360599517822,True,12
2019-10-24,0.6601372361183167,True,14
2019-10-25,0.6637204885482788,True,13
2019-10-28,0.6612871885299683,True,15
2019-10-29,0.6659519076347351,True,15
2019-10-30,0.6628597378730774,True,13
2019-10-31,0.6635211110115051,True,16
2019-11-01,0.6638585925102234,True,16
2019-11-04,0.6681588888168335,True,16
2019-11-05,0.6726453900337219,True,16
2019-11-06,0.6721363663673401,True,15
2019-11-07,0.6915137767791748,True,16
2019-11-08,0.6765760183334351,True,14
2019-11-11,0.6682119369506836,True,15
2019-11-12,0.6704829931259155,True,15
2019-11-13,0.6668543815612793,True,15
2019-11-14,0.668587327003479,True,15
2019-11-15,0.6687426567077637,True,16
2019-11-18,0.6747111082077026,True,15
2019-11-19,0.6726889610290527,True,15
2019-11-20,0.6755753755569458,True,16
2019-11-21,0.680887758731842,True,15
2019-11-22,0.673550546169281,True,16
2019-11-25,0.6688296794891357,True,14
2019-11-26,0.6720048189163208,True,16
2019-11-27,0.6706077456474304,True,15
2019-11-29,0.6710876226425171,True,14
2019-12-02,0.6662442684173584,True,13
2019-12-03,0.6651010513305664,True,15
2019-12-04,0.6652606129646301,True,14
2019-12-05,0.66189044713974,True,15
2019-12-06,0.6632311940193176,True,13
2019-12-09,0.663963258266449,True,15
2019-12-10,0.6618050336837769,True,14
2019-12-11,0.6637751460075378,True,14
2019-12-12,0.6666196584701538,True,14
2019-12-13,0.6682648062705994,True,16
2019-12-16,0.6643213629722595,True,14
2019-12-17,0.6686671376228333,True,14
2019-12-18,0.6777694821357727,True,16
2019-12-19,0.6940982341766357,True,17
2019-12-20,0.6869043111801147,True,16
2019-12-23,0.6798150539398193,True,16
2019-12-24,0.6867998838424683,True,15
2019-12-26,0.697385311126709,True,18
2019-12-27,0.6946704983711243,True,16
2019-12-30,0.6994977593421936,True,16
2019-12-31,0.708247721195221,True,17
2020-01-02,0.7125000357627869,True,19
2020-01-03,0.7263177037239075,True,19
2020-01-06,0.7178663611412048,True,16
2020-01-07,0.7227007150650024,True,20
2020-01-08,0.7220549583435059,True,20
2020-01-09,0.7306015491485596,True,21
2020-01-10,0.7219990491867065,True,17
2020-01-13,0.7193390727043152,True,18
2020-01-14,0.7253937721252441,True,18
2020-01-15,0.7248932719230652,True,20
2020-01-16,0.7347731590270996,True,20
2020-01-17,0.744139552116394,True,23
2020-01-21,0.7074890732765198,True,19
2020-01-22,0.6903980374336243,True,18
2020-01-23,0.6775669455528259,True,17
2020-01-24,0.666776716709137,True,18
2020-01-27,0.6668375730514526,True,16
2020-01-28,0.6640998721122742,True,14
2020-01-29,0.6692855954170227,True,15
2020-01-30,0.6788607835769653,True,15
2020-01-31,0.7853453159332275,True,22
2020-02-03,0.8753665089607239,True,39
2020-02-04,0.8494939804077148,True,30
2020-02-05,0.9211949110031128,True,67
2020-02-06,0.905462384223938,True,60
2020-02-07,0.9371470808982849,True,74
2020-02-10,0.9222102761268616,True,88
2020-02-11,0.955260694026947,True,127
2020-02-12,0.9151382446289062,True,44
2020-02-13,0.9722673892974854,False,150
2020-02-14,0.9615413546562195,True,103
2020-02-18,0.9397242665290833,True,115
2020-02-19,0.939990758895874,True,59
2020-02-20,0.870162844657898,True,21
2020-02-21,0.9023106694221497,True,35
2020-02-24,0.8772848844528198,True,50
2020-02-25,0.9226161241531372,True,68
2020-02-26,0.8846879005432129,True,24
2020-02-27,0.9374008178710938,True,110
2020-02-28,0.9405980110168457,True,117
2020-03-02,0.9346861243247986,True,100
2020-03-03,0.9316222667694092,True,88
2020-03-04,0.927123486995697,True,85
2020-03-05,0.9279460906982422,True,83
2020-03-06,0.8986308574676514,True,19
2020-03-09,0.8763465285301208,True,30
2020-03-10,0.851016640663147,True,41
2020-03-11,0.8479440808296204,True,41
2020-03-12,0.9042457342147827,True,64
2020-03-13,0.9014885425567627,True,65
2020-03-16,0.8923530578613281,True,61
2020-03-17,0.8994262218475342,True,60
2020-03-18,0.9007669687271118,True,21
2020-03-19,0.9006043076515198,True,48
2020-03-20,0.9029547572135925,True,57
2020-03-23,0.9039829969406128,True,69
2020-03-24,0.8823772072792053,True,50
2020-03-25,0.8871656656265259,True,45
2020-03-26,0.8674914240837097,True,45
2020-03-27,0.8342166543006897,True,29
2020-03-30,0.8314142227172852,True,35
2020-03-31,0.8386938571929932,True,31
2020-04-01,0.8433881998062134,True,37
2020-04-02,0.8500490188598633,True,41
2020-04-03,0.8535184860229492,True,27
2020-04-06,0.8304976224899292,True,34
2020-04-07,0.8652548789978027,True,46
2020-04-08,0.8741703629493713,True,38
2020-04-09,0.8558791279792786,True,39
2020-04-13,0.7536133527755737,True,17
2020-04-14,0.7495385408401489,True,19
2020-04-15,0.7277064323425293,True,19
2020-04-16,0.7785376906394958,True,19
2020-04-17,0.8402385711669922,True,21
2020-04-20,0.8535762429237366,True,27
2020-04-21,0.8327819108963013,True,25
2020-04-22,0.8634790778160095,True,26
2020-04-23,0.7802085280418396,True,23
2020-04-24,0.7798625230789185,True,18
2020-04-27,0.8087140321731567,True,30
2020-04-28,0.7833108901977539,True,19
2020-04-29,0.7720952033996582,True,18
2020-04-30,0.7800306081771851,True,18
2020-05-01,0.7960818409919739,True,29
2020-05-04,0.7772226929664612,True,26
2020-05-05,0.8132368326187134,True,31
2020-05-06,0.7779931426048279,True,21
2020-05-07,0.7909674644470215,True,28
2020-05-08,0.787619948387146,True,25
2020-05-11,0.8201038241386414,True,33
2020-05-12,0.8094968199729919,True,32
2020-05-13,0.8103964924812317,True,29
2020-05-14,0.7881849408149719,True,21
2020-05-15,0.7708560824394226,True,24
2020-05-18,0.8112547993659973,True,23
2020-05-19,0.8146013617515564,True,33
2020-05-20,0.7841982841491699,True,22
2020-05-21,0.7544080018997192,True,18
2020-05-22,0.7709407210350037,True,24
2020-05-26,0.7326645851135254,True,19
2020-05-27,0.716378927230835,True,19
2020-05-28,0.7840265035629272,True,19
2020-05-29,0.8308686017990112,True,18
2020-06-01,0.7988890409469604,True,21
2020-06-02,0.7739705443382263,True,22
2020-06-03,0.744549036026001,True,23
2020-06-04,0.7393364906311035,True,23
2020-06-05,0.733817994594574,True,20
2020-06-08,0.7348238825798035,True,19
2020-06-09,0.74677973985672,True,22
2020-06-10,0.7597923278808594,True,20
2020-06-11,0.7875691652297974,True,25
2020-06-12,0.7596468925476074,True,17
2020-06-15,0.7777253985404968,True,24
2020-06-16,0.7730043530464172,True,26
2020-06-17,0.7628843188285828,True,21
2020-06-18,0.7544873952865601,True,16
2020-06-19,0.7697160840034485,True,17
2020-06-22,0.7455122470855713,True,22
2020-06-23,0.7523990869522095,True,24
2020-06-24,0.7375568151473999,True,21
2020-06-25,0.7306810617446899,True,19
2020-06-26,0.713792622089386,True,18
2020-06-29,0.7343363165855408,True,18
2020-06-30,0.7365673184394836,True,21
2020-07-01,0.7109721899032593,True,19
2020-07-02,0.7094614505767822,True,19
2020-07-06,0.7327373027801514,True,19
2020-07-07,0.7349584102630615,True,19
2020-07-08,0.7062638401985168,True,20
2020-07-09,0.7364792227745056,True,23
2020-07-10,0.746008574962616,True,19
2020-07-13,0.6910050511360168,True,18
2020-07-14,0.688497006893158,True,17
2020-07-15,0.6917074918746948,True,19
2020-07-16,0.6799628138542175,True,18
2020-07-17,0.6826403141021729,True,16
2020-07-20,0.6863958239555359,True,19
2020-07-21,0.6971343159675598,True,18
2020-07-22,0.7050626873970032,True,19
2020-07-23,0.7031099796295166,True,20
2020-07-24,0.7025524973869324,True,18
2020-07-27,0.7195262908935547,True,20
2020-07-28,0.7085652351379395,True,20
2020-07-29,0.7037968039512634,True,19
2020-07-30,0.6896170377731323,True,18
2020-07-31,0.7020657658576965,True,20
2020-08-03,0.7163153290748596,True,21
2020-08-04,0.7167208194732666,True,21
2020-08-05,0.7026709318161011,True,18
2020-08-06,0.7031809687614441,True,18
2020-08-07,0.7136167287826538,True,20
2020-08-10,0.7083926200866699,True,19
2020-08-11,0.7626170516014099,True,25
2020-08-12,0.7830672264099121,True,23
2020-08-13,0.8111892938613892,True,17
2020-08-14,0.8164151310920715,True,31
2020-08-17,0.8019769191741943,True,26
2020-08-18,0.8182597756385803,True,30
2020-08-19,0.8023502826690674,True,26
2020-08-20,0.8045161366462708,True,32
2020-08-21,0.8075953125953674,True,29
2020-08-24,0.8140624165534973,True,28
2020-08-25,0.8009596467018127,True,31
2020-08-26,0.7994518876075745,True,29
2020-08-27,0.8187889456748962,True,34
2020-08-28,0.8229295015335083,True,32
2020-08-31,0.8104935884475708,True,33
2020-09-01,0.7744150757789612,True,25
2020-09-02,0.7904382944107056,True,28
2020-09-03,0.7862145304679871,True,28
2020-09-04,0.778464138507843,True,21
2020-09-08,0.807117760181427,True,18
2020-09-09,0.7615364193916321,True,19
2020-09-10,0.7643182277679443,True,25
2020-09-11,0.7883694767951965,True,22
2020-09-14,0.7840778827667236,True,28
2020-09-15,0.7975605130195618,True,28
2020-09-16,0.752716600894928,True,19
2020-09-17,0.7611374855041504,True,24
2020-09-18,0.75544273853302,True,24
2020-09-21,0.7871787548065186,True,27
2020-09-22,0.777662456035614,True,29
2020-09-23,0.830985963344574,True,34
2020-09-24,0.8314695358276367,True,36
2020-09-25,0.8316808342933655,True,37
2020-09-28,0.7994343042373657,True,27
2020-09-29,0.8174180388450623,True,30
2020-09-30,0.8081672787666321,True,31
2020-10-01,0.8009416460990906,True,27
2020-10-02,0.7936664819717407,True,29
2020-10-05,0.805076003074646,True,29
2020-10-06,0.7821574211120605,True,23
2020-10-07,0.7920377254486084,True,29
2020-10-08,0.755489706993103,True,20
2020-10-09,0.8178473711013794,True,21
2020-10-12,0.8153808116912842,True,26
2020-10-13,0.7952785491943359,True,26
2020-10-14,0.7918910384178162,True,26
2020-10-15,0.7882466316223145,True,29
2020-10-16,0.8005883097648621,True,29
2020-10-19,0.7905663251876831,True,22
2020-10-20,0.8283748626708984,True,22
2020-10-21,0.8491290807723999,True,31
2020-10-22,0.8112600445747375,True,22
2020-10-23,0.7872602343559265,True,29
2020-10-26,0.7907642722129822,True,25
2020-10-27,0.8140682578086853,True,22
2020-10-28,0.768618106842041,True,26
2020-10-29,0.7491136789321899,True,19
2020-10-30,0.7765800952911377,True,30
2020-11-02,0.7762978672981262,True,27
2020-11-03,0.785020112991333,True,26
2020-11-04,0.7713826894760132,True,25
2020-11-05,0.8170264959335327,True,29
2020-11-06,0.7297468185424805,True,18
2020-11-09,0.7701647877693176,True,20
2020-11-10,0.7953807711601257,True,22
2020-11-11,0.7742601633071899,True,27
2020-11-12,0.7533261179924011,True,24
2020-11-13,0.7502874135971069,True,22
2020-11-16,0.7258574366569519,True,18
2020-11-17,0.7095345854759216,True,19
2020-11-18,0.7121831178665161,True,20
2020-11-19,0.698130190372467,True,19
2020-11-20,0.6960852146148682,True,19
2020-11-23,0.6924354434013367,True,19
2020-11-24,0.6928175091743469,True,19
2020-11-25,0.6994774341583252,True,18
2020-11-27,0.7220744490623474,True,21
2020-11-30,0.7148917317390442,True,19
2020-12-01,0.7848932147026062,True,24
2020-12-02,0.7758341431617737,True,25
2020-12-03,0.7692388296127319,True,24
2020-12-04,0.7180810570716858,True,19
2020-12-07,0.7046902775764465,True,20
2020-12-08,0.7056010961532593,True,18
2020-12-09,0.686311662197113,True,18
2020-12-10,0.6758778691291809,True,17
2020-12-11,0.6803172826766968,True,18
2020-12-14,0.6803135275840759,True,18
2020-12-15,0.6973888874053955,True,20
2020-12-16,0.6901649832725525,True,17
2020-12-17,0.7028362154960632,True,20
2020-12-18,0.7071465849876404,True,16
2020-12-21,0.7001340985298157,True,15
2020-12-22,0.6913146376609802,True,19
2020-12-23,0.6923227906227112,True,16
2020-12-24,0.6878370642662048,True,16
2020-12-28,0.6855796575546265,True,18
2020-12-29,0.6959562301635742,True,19
2020-12-30,0.7067627906799316,True,19
2020-12-31,0.6967960596084595,True,19
2021-01-04,0.7043548226356506,True,20
2021-01-05,0.7077251672744751,True,20
2021-01-06,0.6940228343009949,True,17
2021-01-07,0.6889917254447937,True,19
2021-01-08,0.6872581243515015,True,18
2021-01-11,0.6895159482955933,True,17
2021-01-12,0.6888003945350647,True,19
2021-01-13,0.6875985860824585,True,18
2021-01-14,0.6828597187995911,True,18
2021-01-15,0.6837856769561768,True,18
2021-01-19,0.6844965815544128,True,18
2021-01-20,0.6980752348899841,True,20
2021-01-21,0.7035467624664307,True,21
2021-01-22,0.6992453336715698,True,19
2021-01-25,0.7155659794807434,True,21
2021-01-26,0.7098744511604309,True,19
2021-01-27,0.711523711681366,True,21
2021-01-28,0.7789705991744995,True,28
2021-01-29,0.7793660163879395,True,21
2021-02-01,0.7816730737686157,True,27
2021-02-02,0.7840701341629028,True,24
2021-02-03,0.7508058547973633,True,21
2021-02-04,0.7367772459983826,True,18
2021-02-05,0.7344223856925964,True,21
2021-02-08,0.7196863293647766,True,20
2021-02-09,0.7318924069404602,True,22
2021-02-10,0.713603675365448,True,20
2021-02-11,0.7036019563674927,True,20
2021-02-12,0.70213782787323,True,18
2021-02-16,0.705268919467926,True,21
2021-02-17,0.6896547675132751,True,18
2021-02-18,0.6981619596481323,True,19
2021-02-19,0.6806884407997131,True,17
2021-02-22,0.6968998312950134,True,20
2021-02-23,0.7029435634613037,True,20
2021-02-24,0.6996139883995056,True,17
2021-02-25,0.7446328401565552,True,19
2021-02-26,0.7459774017333984,True,18
2021-03-01,0.7501911520957947,True,22
2021-03-02,0.7179378271102905,True,18
2021-03-03,0.7172306180000305,True,20
2021-03-04,0.7344544529914856,True,22
2021-03-05,0.7320814728736877,True,21
2021-03-08,0.7357178926467896,True,22
2021-03-09,0.7366468906402588,True,21
2021-03-10,0.7459414601325989,True,19
2021-03-11,0.7372850179672241,True,17
2021-03-12,0.7530267238616943,True,20
2021-03-15,0.7496877908706665,True,24
2021-03-16,0.7612406015396118,True,23
2021-03-17,0.7654600143432617,True,25
2021-03-18,0.7920876741409302,True,20
2021-03-19,0.7825379371643066,True,27
2021-03-22,0.761193037033081,True,23
2021-03-23,0.7715694904327393,True,20
2021-03-24,0.7762748003005981,True,21
2021-03-25,0.789165198802948,True,28
2021-03-26,0.7292527556419373,True,19
2021-03-29,0.7711325883865356,True,27
2021-03-30,0.7401646971702576,True,19
2021-03-31,0.7652277946472168,True,20
2021-04-01,0.802191436290741,True,30
2021-04-05,0.8033683896064758,True,21
2021-04-06,0.7796095013618469,True,22
2021-04-07,0.7667205929756165,True,24
2021-04-08,0.7546843886375427,True,24
2021-04-09,0.743597149848938,True,22
2021-04-12,0.7229815721511841,True,21
2021-04-13,0.7143639922142029,True,22
2021-04-14,0.7216488122940063,True,19
2021-04-15,0.7254050970077515,True,23
2021-04-16,0.7420458793640137,True,20
2021-04-19,0.7333261370658875,True,24
2021-04-20,0.7192291617393494,True,17
2021-04-21,0.7260403037071228,True,18
2021-04-22,0.7083600759506226,True,20
2021-04-23,0.7088302969932556,True,19
2021-04-26,0.7192478179931641,True,19
2021-04-27,0.7119912505149841,True,19
2021-04-28,0.6967466473579407,True,19
2021-04-29,0.7067189812660217,True,18
2021-04-30,0.6971239447593689,True,16
2021-05-03,0.6915774941444397,True,17
2021-05-04,0.6725803017616272,True,18
2021-05-05,0.6731985807418823,True,16
2021-05-06,0.6730315685272217,True,15
2021-05-07,0.6825122833251953,True,15
2021-05-10,0.6862931251525879,True,16
2021-05-11,0.6870532035827637,True,17
2021-05-12,0.7073466181755066,True,20
2021-05-13,0.7132428884506226,True,21
2021-05-14,0.6924763917922974,True,19
2021-05-17,0.6878747940063477,True,18
2021-05-18,0.6846367120742798,True,18
2021-05-19,0.680947482585907,True,17
2021-05-20,0.684298574924469,True,16
2021-05-21,0.6887987852096558,True,19
2021-05-24,0.6920281052589417,True,19
2021-05-25,0.6967047452926636,True,20
2021-05-26,0.6842620968818665,True,17
2021-05-27,0.6920362114906311,True,18
2021-05-28,0.682064414024353,True,18
2021-06-01,0.6879100203514099,True,19
2021-06-02,0.6879019141197205,True,18
2021-06-03,0.6951785683631897,True,19
2021-06-04,0.7197210788726807,True,22
2021-06-07,0.7226819396018982,True,20
2021-06-08,0.6786174178123474,True,16
2021-06-09,0.6711484789848328,True,18
2021-06-10,0.679520308971405,True,15
2021-06-11,0.6865517497062683,True,16
2021-06-14,0.7130435705184937,True,19
2021-06-15,0.7038803696632385,True,18
2021-06-16,0.6819532513618469,True,18
2021-06-17,0.6797042489051819,True,17
2021-06-18,0.6796802282333374,True,15
2021-06-21,0.6921628713607788,True,19
2021-06-22,0.6887430548667908,True,18
2021-06-23,0.6838197708129883,True,15
2021-06-24,0.6820692420005798,True,16
2021-06-25,0.6833207607269287,True,16
2021-06-28,0.6832361817359924,True,17
2021-06-29,0.6789399981498718,True,15
2021-06-30,0.6787343621253967,True,16
2021-07-01,0.6810372471809387,True,16
2021-07-02,0.6902102828025818,True,14
2021-07-06,0.6771300435066223,True,17
2021-07-07,0.6691404581069946,True,16
2021-07-08,0.6669853329658508,True,16
2021-07-09,0.6674590110778809,True,16
2021-07-12,0.6658980846405029,True,13
2021-07-13,0.6651386022567749,True,17
2021-07-14,0.6654731035232544,True,17
2021-07-15,0.6661577224731445,True,15
2021-07-16,0.6810370683670044,True,16
2021-07-19,0.6778859496116638,True,15
2021-07-20,0.666513979434967,True,13
2021-07-21,0.6560003757476807,True,13
2021-07-22,0.6645429134368896,True,16
2021-07-23,0.6656962633132935,True,16
2021-07-26,0.6652092933654785,True,14
2021-07-27,0.6663776636123657,True,13
2021-07-28,0.6630818843841553,True,14
2021-07-29,0.6556113958358765,True,12
2021-07-30,0.6571382880210876,True,16
2021-08-02,0.6626070141792297,True,13
2021-08-03,0.6658543348312378,True,16
2021-08-04,0.6644275784492493,True,14
2021-08-05,0.6562859416007996,True,14
2021-08-06,0.6612576842308044,True,14
2021-08-09,0.6638492941856384,True,13
2021-08-10,0.6623791456222534,True,14
2021-08-11,0.6583842039108276,True,13
2021-08-12,0.6609744429588318,True,16
2021-08-13,0.6668875813484192,True,15
2021-08-16,0.6667483448982239,True,16
2021-08-17,0.6912549734115601,True,19
2021-08-18,0.6665008068084717,True,17
2021-08-19,0.6766294240951538,True,18
2021-08-20,0.662652850151062,True,16
2021-08-23,0.662261962890625,True,15
2021-08-24,0.6657862067222595,True,16
2021-08-25,0.6681132316589355,True,14
2021-08-26,0.6661055088043213,True,14
2021-08-27,0.6643280386924744,True,14
2021-08-30,0.6673284769058228,True,14
2021-08-31,0.668655276298523,True,16
2021-09-01,0.6651135087013245,True,15
2021-09-02,0.6745414733886719,True,17
2021-09-03,0.6757065653800964,True,15
2021-09-07,0.6677408218383789,True,15
2021-09-08,0.6750190258026123,True,16
2021-09-09,0.6654202938079834,True,16
2021-09-10,0.6672326326370239,True,16
2021-09-13,0.6663566827774048,True,15
2021-09-14,0.6708230972290039,True,16
2021-09-15,0.6732877492904663,True,17
2021-09-16,0.669477105140686,True,16
2021-09-17,0.6754093766212463,True,18
2021-09-20,0.6867110729217529,True,16
2021-09-21,0.7167642116546631,True,20
2021-09-22,0.7187545895576477,True,19
2021-09-23,0.700929582118988,True,18
2021-09-24,0.7013412117958069,True,18
2021-09-27,0.7014792561531067,True,18
2021-09-28,0.6868592500686646,True,18
2021-09-29,0.6870391964912415,True,17
2021-09-30,0.7020161151885986,True,20
2021-10-01,0.7014058828353882,True,19
2021-10-04,0.6974491477012634,True,19
2021-10-05,0.6913325190544128,True,18
2021-10-06,0.686365008354187,True,19
2021-10-07,0.6851022839546204,True,18
2021-10-08,0.686785876750946,True,18
2021-10-11,0.6844774484634399,True,18
2021-10-12,0.6808352470397949,True,17
2021-10-13,0.6828376650810242,True,18
2021-10-14,0.6827637553215027,True,17
2021-10-15,0.6929674744606018,True,17
2021-10-18,0.6947307586669922,True,16
2021-10-19,0.7059194445610046,True,20
2021-10-20,0.7133277654647827,True,18
2021-10-21,0.7125068306922913,True,18
2021-10-22,0.6925541758537292,True,19
2021-10-25,0.6826169490814209,True,14
2021-10-26,0.6863778829574585,True,15
2021-10-27,0.6915891170501709,True,18
2021-10-28,0.6926469802856445,True,17
2021-10-29,0.6954600214958191,True,16
2021-11-01,0.6941581964492798,True,15
2021-11-02,0.7283489108085632,True,20
2021-11-03,0.6968472599983215,True,19
2021-11-04,0.6711710095405579,True,16
2021-11-05,0.6754441261291504,True,15
2021-11-08,0.6890790462493896,True,17
2021-11-09,0.7113574147224426,True,19
2021-11-10,0.6958838105201721,True,18
2021-11-11,0.6929629445075989,True,17
2021-11-12,0.6782762408256531,True,18
2021-11-15,0.6674444675445557,True,17
2021-11-16,0.6670694947242737,True,15
2021-11-17,0.6566063165664673,True,17
2021-11-18,0.6541072130203247,True,13
2021-11-19,0.6532464623451233,True,13
2021-11-22,0.6540154814720154,True,14
2021-11-23,0.6544662714004517,True,15
2021-11-24,0.6544812321662903,True,12
2021-11-26,0.6919198036193848,True,18
2021-11-29,0.7664517164230347,True,22
2021-11-30,0.7555915117263794,True,23
2021-12-01,0.7641944885253906,True,22
2021-12-02,0.7785465717315674,True,22
2021-12-03,0.7522268295288086,True,21
2021-12-06,0.7652773261070251,True,24
2021-12-07,0.7971739172935486,True,21
2021-12-08,0.7806994318962097,True,21
2021-12-09,0.7711328864097595,True,22
2021-12-10,0.7877703905105591,True,28
2021-12-13,0.7708956003189087,True,19
2021-12-14,0.7401163578033447,True,19
2021-12-15,0.7604673504829407,True,20
2021-12-16,0.7653918862342834,True,26
2021-12-17,0.747002363204956,True,19
2021-12-20,0.7614503502845764,True,23
2021-12-21,0.7629838585853577,True,21
2021-12-22,0.7826527953147888,True,17
2021-12-23,0.7661848664283752,True,23
2021-12-27,0.7907550930976868,True,25
2021-12-28,0.7538455128669739,True,17
2021-12-29,0.7542278170585632,True,23
2021-12-30,0.771804690361023,True,18
2021-12-31,0.7687427997589111,True,26
2022-01-03,0.759789228439331,True,20
2022-01-04,0.7272238731384277,True,17
2022-01-05,0.7569756507873535,True,24
2022-01-06,0.7499887943267822,True,25
2022-01-07,0.7452706098556519,True,20
2022-01-10,0.7331537008285522,True,22
2022-01-11,0.7207150459289551,True,15
2022-01-12,0.7310936450958252,True,21
2022-01-13,0.7357707619667053,True,22
2022-01-14,0.7443858981132507,True,23
2022-01-18,0.7644835710525513,True,25
2022-01-19,0.7664470076560974,True,26
2022-01-20,0.7479483485221863,True,24
2022-01-21,0.7593438029289246,True,20
2022-01-24,0.7616892457008362,True,22
2022-01-25,0.7878450751304626,True,29
2022-01-26,0.8113725781440735,True,34
2022-01-27,0.8378996849060059,True,29
2022-01-28,0.8353589177131653,True,23
2022-01-31,0.86042720079422,True,45
2022-02-01,0.8665095567703247,True,48
2022-02-02,0.8528831601142883,True,30
2022-02-03,0.8326667547225952,True,23
2022-02-04,0.8482443690299988,True,30
2022-02-07,0.8310571908950806,True,26
2022-02-08,0.8322587013244629,True,31
2022-02-09,0.8488672375679016,True,25
2022-02-10,0.8777155876159668,True,50
2022-02-11,0.8747605085372925,True,25
2022-02-14,0.8548720479011536,True,32
2022-02-15,0.8623181581497192,True,45
2022-02-16,0.869903564453125,True,30
2022-02-17,0.8631415367126465,True,37
2022-02-18,0.8445911407470703,True,18
2022-02-22,0.8517221808433533,True,25
2022-02-23,0.8802528381347656,True,55
2022-02-24,0.8596878051757812,True,25
2022-02-25,0.8496916890144348,True,36
2022-02-28,0.8067293167114258,True,31
2022-03-01,0.785868227481842,True,29
2022-03-02,0.8160551190376282,True,34
2022-03-03,0.8222016096115112,True,35
2022-03-04,0.7914136052131653,True,20
2022-03-07,0.7843208909034729,True,20
2022-03-08,0.8061749935150146,True,24
2022-03-09,0.8655468821525574,True,19
2022-03-10,0.8828025460243225,True,43
2022-03-11,0.9009092450141907,True,65
2022-03-14,0.8735495209693909,True,29
2022-03-15,0.8363116979598999,True,27
2022-03-16,0.842024028301239,True,37
2022-03-17,0.8297812342643738,True,36
2022-03-18,0.8455910086631775,True,38
2022-03-21,0.7912325859069824,True,27
2022-03-22,0.7582281827926636,True,22
2022-03-23,0.7549444437026978,True,21
2022-03-24,0.7871959209442139,True,29
2022-03-25,0.8707513213157654,True,33
2022-03-28,0.7891941666603088,True,20
2022-03-29,0.8188963532447815,True,34
2022-03-30,0.8658936023712158,True,26
2022-03-31,0.7993249893188477,True,20
2022-04-01,0.8383897542953491,True,32
2022-04-04,0.8354198932647705,True,30
2022-04-05,0.8329840302467346,True,33
2022-04-06,0.880347728729248,True,40
2022-04-07,0.8738486170768738,True,30
2022-04-08,0.8643430471420288,True,28
2022-04-11,0.8659800887107849,True,35
2022-04-12,0.8342841267585754,True,20
2022-04-13,0.8115453720092773,True,20
2022-04-14,0.8270136713981628,True,22
2022-04-18,0.8104099035263062,True,27
2022-04-19,0.8144094944000244,True,34
2022-04-20,0.810928225517273,True,30
2022-04-21,0.8689806461334229,True,35
2022-04-22,0.8129767775535583,True,23
2022-04-25,0.8641430735588074,True,23
2022-04-26,0.9086958765983582,True,49
2022-04-27,0.8786554932594299,True,25
2022-04-28,0.8592880964279175,True,23
2022-04-29,0.924892246723175,True,52
2022-05-02,0.898407518863678,True,32
2022-05-03,0.8940289616584778,True,43
2022-05-04,0.873406171798706,True,22
2022-05-05,0.8874770402908325,True,57
2022-05-06,0.8806177377700806,True,47
2022-05-09,0.9288831353187561,True,54
2022-05-10,0.9090744256973267,True,33
2022-05-11,0.9056469202041626,True,64
2022-05-12,0.9160263538360596,True,78
2022-05-13,0.9251949787139893,True,90
2022-05-16,0.9062368273735046,True,49
2022-05-17,0.9209890365600586,True,78
2022-05-18,0.9158934950828552,True,79
2022-05-19,0.9261982440948486,True,84
2022-05-20,0.918545126914978,True,84
2022-05-23,0.8531984090805054,True,36
2022-05-24,0.8612743020057678,True,42
2022-05-25,0.8852664828300476,True,48
2022-05-26,0.9252285361289978,True,52
2022-05-27,0.9197322130203247,True,83
2022-05-31,0.8973667621612549,True,58
2022-06-01,0.873956561088562,True,31
2022-06-02,0.8860672116279602,True,52
2022-06-03,0.903278648853302,True,53
2022-06-06,0.8889455199241638,True,33
2022-06-07,0.8468058109283447,True,27
2022-06-08,0.7398537993431091,True,21
2022-06-09,0.7732588052749634,True,21
2022-06-10,0.7824571132659912,True,24
2022-06-13,0.8488638401031494,True,27
2022-06-14,0.8462556004524231,True,24
2022-06-15,0.8435340523719788,True,40
2022-06-16,0.8911663293838501,True,42
2022-06-17,0.8413569927215576,True,29
2022-06-21,0.813289999961853,True,29
2022-06-22,0.8025124669075012,True,19
2022-06-23,0.7994929552078247,True,21
2022-06-24,0.7698755860328674,True,25
2022-06-27,0.7731966972351074,True,20
2022-06-28,0.8560342788696289,True,26
2022-06-29,0.8661870360374451,True,46
2022-06-30,0.856319010257721,True,42
2022-07-01,0.8507516980171204,True,31
2022-07-05,0.8312045335769653,True,19
2022-07-06,0.8189870119094849,True,20
2022-07-07,0.8042789697647095,True,30
2022-07-08,0.8057988286018372,True,26
2022-07-11,0.8332439661026001,True,26
2022-07-12,0.8214336037635803,True,33
2022-07-13,0.7997681498527527,True,21
2022-07-14,0.824795126914978,True,28
2022-07-15,0.802959680557251,True,19
2022-07-18,0.7876179218292236,True,26
2022-07-19,0.7709450125694275,True,19
2022-07-20,0.7690879702568054,True,24
2022-07-21,0.7787935733795166,True,25
2022-07-22,0.7755296230316162,True,16
2022-07-25,0.7560873627662659,True,21
2022-07-26,0.7597330808639526,True,22
2022-07-27,0.7755333185195923,True,26
2022-07-28,0.7756692171096802,True,25
2022-07-29,0.7421582937240601,True,22
2022-08-01,0.7370313405990601,True,21
2022-08-02,0.7559885382652283,True,23
2022-08-03,0.7990355491638184,True,22
2022-08-04,0.7748023271560669,True,25
2022-08-05,0.7730610966682434,True,25
2022-08-08,0.7680788040161133,True,26
2022-08-09,0.7723636627197266,True,25
2022-08-10,0.7702767252922058,True,20
2022-08-11,0.7437726259231567,True,20
2022-08-12,0.7294692993164062,True,19
2022-08-15,0.7343979477882385,True,20
2022-08-16,0.7504449486732483,True,21
2022-08-17,0.7421860098838806,True,19
2022-08-18,0.7537930607795715,True,24
2022-08-19,0.7961046695709229,True,22
2022-08-22,0.7889628410339355,True,25
2022-08-23,0.7857739329338074,True,26
2022-08-24,0.7831920385360718,True,25
2022-08-25,0.7517473697662354,True,24
2022-08-26,0.7686350345611572,True,23
2022-08-29,0.7735282778739929,True,27
2022-08-30,0.7766673564910889,True,20
2022-08-31,0.7344493269920349,True,24
2022-09-01,0.7390958070755005,True,22
2022-09-02,0.7010963559150696,True,19
2022-09-06,0.7162980437278748,True,19
2022-09-07,0.7831025123596191,True,22
2022-09-08,0.7690694332122803,True,25
2022-09-09,0.7444890141487122,True,21
2022-09-12,0.7420216798782349,True,20
2022-09-13,0.8661556839942932,True,32
2022-09-14,0.8384501934051514,True,27
2022-09-15,0.8820565342903137,True,45
2022-09-16,0.8924304246902466,True,35
2022-09-19,0.8746406435966492,True,32
2022-09-20,0.8504188656806946,True,31
2022-09-21,0.8409790396690369,True,37
2022-09-22,0.8723524212837219,True,35
2022-09-23,0.8645825982093811,True,39
2022-09-26,0.8743234276771545,True,45
2022-09-27,0.8475329279899597,True,42
2022-09-28,0.8165884017944336,True,30
2022-09-29,0.8675326704978943,True,20
2022-09-30,0.8683758974075317,True,38
2022-10-03,0.7744444012641907,True,24
2022-10-04,0.7752571702003479,True,21
2022-10-05,0.7793505191802979,True,18
2022-10-06,0.759516716003418,True,21
2022-10-07,0.8126348257064819,True,33
2022-10-10,0.8556801676750183,True,17
2022-10-11,0.871154248714447,True,39
2022-10-12,0.7649847269058228,True,24
2022-10-13,0.7921785116195679,True,27
2022-10-14,0.8179789781570435,True,19
2022-10-17,0.8064013719558716,True,32
2022-10-18,0.8116074800491333,True,28
2022-10-19,0.7955844402313232,True,30
2022-10-20,0.8260895013809204,True,28
2022-10-21,0.8388341665267944,True,30
2022-10-24,0.8093044757843018,True,24
2022-10-25,0.8007885217666626,True,20
2022-10-26,0.79868084192276,True,27
2022-10-27,0.7811092734336853,True,23
2022-10-28,0.7515501976013184,True,24
2022-10-31,0.7368873357772827,True,20
2022-11-01,0.7328110337257385,True,21
2022-11-02,0.7434089779853821,True,19
2022-11-03,0.7653701305389404,True,22
2022-11-04,0.8257824182510376,True,34
2022-11-07,0.7924160957336426,True,17
2022-11-08,0.7962638735771179,True,26
2022-11-09,0.8620347380638123,True,22
2022-11-10,0.7569895386695862,True,21
2022-11-11,0.7655266523361206,True,26
2022-11-14,0.7805202007293701,True,26
2022-11-15,0.7690299153327942,True,22
2022-11-16,0.7630231380462646,True,26
2022-11-17,0.7622134685516357,True,23
2022-11-18,0.7578223347663879,True,22
2022-11-21,0.7595594525337219,True,22
2022-11-22,0.7629814147949219,True,25
2022-11-23,0.7727656364440918,True,23
2022-11-25,0.7844409942626953,True,28
2022-11-28,0.8261219263076782,True,26
2022-11-29,0.8241285681724548,True,31
2022-11-30,0.7978551983833313,True,30
2022-12-01,0.8137602210044861,True,20
2022-12-02,0.810175359249115,True,19
2022-12-05,0.8203609585762024,True,23
2022-12-06,0.7860845923423767,True,29
2022-12-07,0.7680915594100952,True,20
2022-12-08,0.7646926641464233,True,26
2022-12-09,0.8023071885108948,True,28
2022-12-12,0.771722674369812,True,21
2022-12-13,0.7589312791824341,True,22
2022-12-14,0.7679120302200317,True,27
2022-12-15,0.7637142539024353,True,20
2022-12-16,0.765887975692749,True,23
2022-12-19,0.7573927640914917,True,21
2022-12-20,0.7374687790870667,True,23
2022-12-21,0.7344741225242615,True,20
2022-12-22,0.777127742767334,True,26
2022-12-23,0.7018352150917053,True,20
2022-12-27,0.7475907802581787,True,22
2022-12-28,0.6956074237823486,True,19
2022-12-29,0.7706158757209778,True,23
2022-12-30,0.674925684928894,True,17
2023-01-03,0.717081606388092,True,19
2023-01-04,0.7526688575744629,True,24
2023-01-05,0.8386923670768738,True,33
2023-01-06,0.8195258378982544,True,27
2023-01-09,0.809495747089386,True,31
2023-01-10,0.779455304145813,True,20
2023-01-11,0.7940236926078796,True,17
2023-01-12,0.7992056012153625,True,21
2023-01-13,0.8000946640968323,True,29
2023-01-17,0.7876862287521362,True,19
2023-01-18,0.7267476916313171,True,20
2023-01-19,0.7477369904518127,True,24
2023-01-20,0.7506831288337708,True,22
2023-01-23,0.719075620174408,True,20
2023-01-24,0.7194731831550598,True,20
2023-01-25,0.7135735154151917,True,18
2023-01-26,0.7149040102958679,True,17
2023-01-27,0.7227303385734558,True,19
2023-01-30,0.7278769016265869,True,20
2023-01-31,0.7290541529655457,True,21
2023-02-01,0.7385720610618591,True,18
2023-02-02,0.7365613579750061,True,18
2023-02-03,0.7338657975196838,True,19
2023-02-06,0.7245936393737793,True,21
2023-02-07,0.6905789971351624,True,18
2023-02-08,0.6927199959754944,True,18
2023-02-09,0.7122952938079834,True,19
2023-02-10,0.703050434589386,True,18
2023-02-13,0.713306725025177,True,20
2023-02-14,0.7066033482551575,True,20
2023-02-15,0.7127839922904968,True,18
2023-02-16,0.7080801129341125,True,19
2023-02-17,0.7022379040718079,True,19
2023-02-21,0.7124170064926147,True,17
2023-02-22,0.7084569334983826,True,19
2023-02-23,0.7007158994674683,True,16
2023-02-24,0.7136484980583191,True,20
2023-02-27,0.6979724168777466,True,18
2023-02-28,0.6946880221366882,True,18
2023-03-01,0.6951056122779846,True,18
2023-03-02,0.6958383321762085,True,16
2023-03-03,0.7171116471290588,True,19
2023-03-06,0.6845983266830444,True,16
2023-03-07,0.684424877166748,True,16
2023-03-08,0.6711567640304565,True,16
2023-03-09,0.6666582822799683,True,18
2023-03-10,0.6907694339752197,True,20
2023-03-13,0.7102081179618835,True,19
2023-03-14,0.7315244078636169,True,18
2023-03-15,0.7683249115943909,True,25
2023-03-16,0.7705843448638916,True,24
2023-03-17,0.7513847351074219,True,20
2023-03-20,0.7277906537055969,True,20
2023-03-21,0.6903254985809326,True,18
2023-03-22,0.6806489825248718,True,17
2023-03-23,0.6825605034828186,True,16
2023-03-24,0.6627745628356934,True,17
2023-03-27,0.6646846532821655,True,15
2023-03-28,0.6649001240730286,True,15
2023-03-29,0.6664032340049744,True,15
2023-03-30,0.6689174175262451,True,15
2023-03-31,0.6684523820877075,True,14
2023-04-03,0.6683306097984314,True,16
2023-04-04,0.6680178642272949,True,15
2023-04-05,0.6866769194602966,True,17
2023-04-06,0.6786300539970398,True,15
2023-04-10,0.6702492833137512,True,17
2023-04-11,0.6867275238037109,True,19
2023-04-12,0.7269862294197083,True,19
2023-04-13,0.714232325553894,True,20
2023-04-14,0.7773239612579346,True,19
2023-04-17,0.7330284118652344,True,18
2023-04-18,0.7250652313232422,True,20
2023-04-19,0.7261940240859985,True,21
2023-04-20,0.7419639229774475,True,20
2023-04-21,0.7420482039451599,True,20
2023-04-24,0.7319614291191101,True,20
2023-04-25,0.7198008894920349,True,20
2023-04-26,0.7150075435638428,True,20
2023-04-27,0.738483190536499,True,21
2023-04-28,0.729250431060791,True,20
2023-05-01,0.7069855332374573,True,20
2023-05-02,0.6990734934806824,True,20
2023-05-03,0.6861037611961365,True,17
2023-05-04,0.6859506368637085,True,15
2023-05-05,0.6856303811073303,True,17
2023-05-08,0.6922711133956909,True,19
2023-05-09,0.6920363903045654,True,19
2023-05-10,0.6844883561134338,True,17
2023-05-11,0.6755003333091736,True,17
2023-05-12,0.6624542474746704,True,17
2023-05-15,0.6620028018951416,True,14
2023-05-16,0.6598891615867615,True,15
2023-05-17,0.6594465970993042,True,15
2023-05-18,0.6638875007629395,True,15
2023-05-19,0.6657827496528625,True,14
2023-05-22,0.6670414805412292,True,14
2023-05-23,0.6766594052314758,True,17
2023-05-24,0.6661505699157715,True,16
2023-05-25,0.6535910964012146,True,15
2023-05-26,0.653313159942627,True,14
2023-05-30,0.6525808572769165,True,11
2023-05-31,0.6519036293029785,True,15
2023-06-01,0.653738260269165,True,13
2023-06-02,0.6557551026344299,True,12
2023-06-05,0.6558904647827148,True,13
2023-06-06,0.6561796069145203,True,15
2023-06-07,0.6553519368171692,True,14
2023-06-08,0.6549869775772095,True,12
2023-06-09,0.6554617881774902,True,15
2023-06-12,0.6554369926452637,True,15
2023-06-13,0.6552540063858032,True,14
2023-06-14,0.6546207070350647,True,12
2023-06-15,0.6550949811935425,True,15
2023-06-16,0.6549214124679565,True,16
2023-06-20,0.6538336873054504,True,15
2023-06-21,0.6540056467056274,True,15
2023-06-22,0.6530722975730896,True,12
2023-06-23,0.6531516909599304,True,15
2023-06-26,0.6531929969787598,True,15
2023-06-27,0.6571860313415527,True,13
2023-06-28,0.6557561755180359,True,15
2023-06-29,0.6589726209640503,True,14
2023-06-30,0.6707916259765625,True,17
2023-07-03,0.6641786694526672,True,13
2023-07-05,0.6654843688011169,True,16
2023-07-06,0.6634934544563293,True,14
2023-07-07,0.6697463989257812,True,15
2023-07-10,0.6795074939727783,True,16
2023-07-11,0.6757085919380188,True,16
2023-07-12,0.687629222869873,True,16
2023-07-13,0.7062792778015137,True,17
2023-07-14,0.6926112174987793,True,16
2023-07-17,0.6867459416389465,True,17
2023-07-18,0.6868569850921631,True,16
2023-07-19,0.6806814074516296,True,16
2023-07-20,0.700193464756012,True,19
2023-07-21,0.6976476907730103,True,18
2023-07-24,0.7194595336914062,True,19
2023-07-25,0.7244997620582581,True,15
2023-07-26,0.7068827152252197,True,18
2023-07-27,0.7247787117958069,True,20
2023-07-28,0.7329171895980835,True,20
2023-07-31,0.7269517779350281,True,19
2023-08-01,0.7181572318077087,True,18
2023-08-02,0.7026956081390381,True,19
2023-08-03,0.7055220007896423,True,16
2023-08-04,0.7090383768081665,True,19
2023-08-07,0.7110368609428406,True,19
2023-08-08,0.7054497003555298,True,17
2023-08-09,0.693080484867096,True,17
2023-08-10,0.6990787982940674,True,18
2023-08-11,0.6916772127151489,True,16
2023-08-14,0.6877267956733704,True,16
2023-08-15,0.694964587688446,True,17
2023-08-16,0.6882919073104858,True,15
2023-08-17,0.6944069266319275,True,18
2023-08-18,0.703862190246582,True,16
2023-08-21,0.6953182816505432,True,17
2023-08-22,0.6843836903572083,True,18
2023-08-23,0.6762470006942749,True,16
2023-08-24,0.6961925625801086,True,19
2023-08-25,0.6791593432426453,True,18
2023-08-28,0.6744803190231323,True,15
2023-08-29,0.6744438409805298,True,15
2023-08-30,0.6683064699172974,True,16
2023-08-31,0.673875093460083,True,17
2023-09-01,0.6741635203361511,True,15
2023-09-05,0.6701831221580505,True,16
2023-09-06,0.6743577122688293,True,15
2023-09-07,0.6742967367172241,True,16
2023-09-08,0.6711117625236511,True,16
2023-09-11,0.6674893498420715,True,14
2023-09-12,0.6740216016769409,True,17
2023-09-13,0.6737222075462341,True,14
2023-09-14,0.6795076131820679,True,15
2023-09-15,0.6833722591400146,True,15
2023-09-18,0.6835348606109619,True,16
2023-09-19,0.684732973575592,True,17
2023-09-20,0.6906239986419678,True,18
2023-09-21,0.7043793201446533,True,18
2023-09-22,0.7071561217308044,True,19
2023-09-25,0.7014772295951843,True,18
2023-09-26,0.7060363292694092,True,18
2023-09-27,0.7247322201728821,True,19
2023-09-28,0.7305423021316528,True,19
2023-09-29,0.7068484425544739,True,18
2023-10-02,0.6809219121932983,True,17
2023-10-03,0.6778306365013123,True,18
2023-10-04,0.6693946123123169,True,17
2023-10-05,0.6590823531150818,True,16
2023-10-06,0.6571236848831177,True,13
2023-10-09,0.6690984964370728,True,17
2023-10-10,0.668688178062439,True,15
2023-10-11,0.6698119640350342,True,18
2023-10-12,0.6900506615638733,True,19
2023-10-13,0.8204423785209656,True,31
2023-10-16,0.7589203715324402,True,23
2023-10-17,0.7443584203720093,True,23
2023-10-18,0.7956576347351074,True,31
2023-10-19,0.745698869228363,True,23
2023-10-20,0.7766864895820618,True,27
2023-10-23,0.7714043855667114,True,22
2023-10-24,0.778277575969696,True,28
2023-10-25,0.7188004851341248,True,22
2023-10-26,0.7053496241569519,True,21
2023-10-27,0.6940677762031555,True,20
2023-10-30,0.6773878931999207,True,17
2023-10-31,0.6868495345115662,True,18
2023-11-01,0.7173122763633728,True,19
2023-11-02,0.7016296982765198,True,18
2023-11-03,0.6927195191383362,True,16
2023-11-06,0.6961327195167542,True,18
2023-11-07,0.7157937288284302,True,20
2023-11-08,0.7355355620384216,True,23
2023-11-09,0.68639075756073,True,18
2023-11-10,0.7592876553535461,True,28
2023-11-13,0.6876413822174072,True,19
2023-11-14,0.6974931359291077,True,17
2023-11-15,0.7234621047973633,True,19
2023-11-16,0.7148622870445251,True,21
2023-11-17,0.6679379343986511,True,15
2023-11-20,0.6735591292381287,True,17
2023-11-21,0.7020142078399658,True,18
2023-11-22,0.6978506445884705,True,17
2023-11-24,0.6732082962989807,True,18
2023-11-27,0.6812418699264526,True,15
2023-11-28,0.704983651638031,True,19
2023-11-29,0.7124460339546204,True,17
2023-11-30,0.7034215927124023,True,17
2023-12-01,0.7159042954444885,True,19
2023-12-04,0.6764200925827026,True,17
2023-12-05,0.6717321276664734,True,15
2023-12-06,0.6686382293701172,True,15
2023-12-07,0.6696017980575562,True,15
2023-12-08,0.6842979788780212,True,18
2023-12-11,0.6772777438163757,True,15
2023-12-12,0.6706087589263916,True,17
2023-12-13,0.6739944815635681,True,15
2023-12-14,0.6749989986419678,True,16
2023-12-15,0.6771768927574158,True,15
2023-12-18,0.6862490773200989,True,18
2023-12-19,0.6897436380386353,True,17
2023-12-20,0.670991063117981,True,17
2023-12-21,0.6729199290275574,True,15
2023-12-22,0.6762647032737732,True,16
2023-12-26,0.6825255751609802,True,17
2023-12-27,0.6788421869277954,True,16
2023-12-28,0.6722561120986938,True,17
2023-12-29,0.6683170795440674,True,16
2024-01-02,0.6779577732086182,True,18
2024-01-03,0.674185037612915,True,17
2024-01-04,0.6728178858757019,True,14
2024-01-05,0.6786938309669495,True,16
2024-01-08,0.6817570328712463,True,15
2024-01-09,0.6814725399017334,True,18
2024-01-10,0.6799121499061584,True,18
2024-01-11,0.6976491808891296,True,19
2024-01-12,0.7317763566970825,True,19
2024-01-16,0.7436357736587524,True,23
2024-01-17,0.8064459562301636,True,30
2024-01-18,0.7861850261688232,True,27
2024-01-19,0.7846853733062744,True,29
2024-01-22,0.7819176912307739,True,28
2024-01-23,0.7574800252914429,True,21
2024-01-24,0.7249657511711121,True,21
2024-01-25,0.7026548981666565,True,19
2024-01-26,0.7032275199890137,True,16
2024-01-29,0.7122820019721985,True,17
2024-01-30,0.7077805399894714,True,19
2024-01-31,0.7039639353752136,True,19
2024-02-01,0.6799533367156982,True,16
2024-02-02,0.6891158223152161,True,18
2024-02-05,0.6830548644065857,True,18
2024-02-06,0.6785068511962891,True,16
2024-02-07,0.700916588306427,True,19
2024-02-08,0.7017315626144409,True,17
2024-02-09,0.6992897987365723,True,17
2024-02-12,0.6883423924446106,True,16
2024-02-13,0.6923664808273315,True,19
2024-02-14,0.6791704297065735,True,18
2024-02-15,0.6783105134963989,True,15
2024-02-16,0.6811235547065735,True,16
2024-02-20,0.6794013381004333,True,15
2024-02-21,0.681816816329956,True,16
2024-02-22,0.6653924584388733,True,17
2024-02-23,0.6610214710235596,True,13
2024-02-26,0.6612688302993774,True,14
2024-02-27,0.6602051854133606,True,13
2024-02-28,0.6601295471191406,True,15
2024-02-29,0.6592090129852295,True,13
2024-03-01,0.6662233471870422,True,15
2024-03-04,0.6744320392608643,True,18
2024-03-05,0.6680595278739929,True,16
2024-03-06,0.6628777384757996,True,15
2024-03-07,0.662040114402771,True,15
2024-03-08,0.6601303815841675,True,14
2024-03-11,0.6586057543754578,True,14
2024-03-12,0.6605897545814514,True,14
2024-03-13,0.6623058319091797,True,15
2024-03-14,0.6635447144508362,True,15
2024-03-15,0.6635609865188599,True,16
2024-03-18,0.666377067565918,True,13
2024-03-19,0.6703898310661316,True,14
2024-03-20,0.6653172373771667,True,15
2024-03-21,0.6793821454048157,True,16
2024-03-22,0.6969836950302124,True,19
2024-03-25,0.7061008810997009,True,18
2024-03-26,0.7010332942008972,True,17
2024-03-27,0.692466676235199,True,17
2024-03-28,0.6993534564971924,True,17
2024-04-01,0.7099103927612305,True,19
2024-04-02,0.7118005156517029,True,18
2024-04-03,0.7047734260559082,True,18
2024-04-04,0.6969629526138306,True,16
2024-04-05,0.7182174921035767,True,19
2024-04-08,0.7210493087768555,True,17
2024-04-09,0.7266132831573486,True,19
2024-04-10,0.7691672444343567,True,21
2024-04-11,0.7790995240211487,True,25
2024-04-12,0.7436728477478027,True,22
2024-04-15,0.7642356753349304,True,27
2024-04-16,0.808354914188385,True,28
2024-04-17,0.8458210825920105,True,35
2024-04-18,0.8361959457397461,True,36
2024-04-19,0.7500226497650146,True,25
2024-04-22,0.6978336572647095,True,19
2024-04-23,0.6842222809791565,True,18
2024-04-24,0.6772993803024292,True,19
2024-04-25,0.6731095910072327,True,18
2024-04-26,0.6695829629898071,True,16
2024-04-29,0.6611729860305786,True,16
2024-04-30,0.6868045926094055,True,16
2024-05-01,0.6804004907608032,True,13
2024-05-02,0.6878005266189575,True,16
2024-05-03,0.6930495500564575,True,18
2024-05-06,0.6797444820404053,True,16
2024-05-07,0.6829949617385864,True,16
2024-05-08,0.682789146900177,True,15
2024-05-09,0.6579392552375793,True,15
2024-05-10,0.6556299924850464,True,13
2024-05-13,0.6548287272453308,True,12
2024-05-14,0.6535875797271729,True,13
2024-05-15,0.657683253288269,True,12
2024-05-16,0.6582027673721313,True,12
2024-05-17,0.6596301794052124,True,14
2024-05-20,0.6617894172668457,True,14
2024-05-21,0.6640604138374329,True,13
2024-05-22,0.6583989262580872,True,13
2024-05-23,0.6570733785629272,True,13
2024-05-24,0.6611509323120117,True,13
2024-05-28,0.6581685543060303,True,14
2024-05-29,0.6550635099411011,True,14
2024-05-30,0.6573384404182434,True,15
2024-05-31,0.6582546234130859,True,12
2024-06-03,0.6566363573074341,True,14
2024-06-04,0.6572665572166443,True,13
2024-06-05,0.6571943163871765,True,14
2024-06-06,0.6570373773574829,True,15
2024-06-07,0.6639028787612915,True,13
2024-06-10,0.6619032025337219,True,13
2024-06-11,0.6606703400611877,True,14
2024-06-12,0.6570721864700317,True,14
2024-06-13,0.6551921963691711,True,12
2024-06-14,0.6615947484970093,True,15
2024-06-17,0.6620967984199524,True,16
2024-06-18,0.6592081189155579,True,15
2024-06-20,0.6680818200111389,True,17
2024-06-21,0.6745156645774841,True,15
2024-06-24,0.666334867477417,True,17
2024-06-25,0.6662529706954956,True,16
2024-06-26,0.6660656929016113,True,17
2024-06-27,0.6626556515693665,True,14
2024-06-28,0.6667518019676208,True,18
2024-07-01,0.7238211631774902,True,22
2024-07-02,0.7248562574386597,True,20
2024-07-03,0.7350045442581177,True,20
2024-07-05,0.747069776058197,True,24
2024-07-08,0.7339613437652588,True,22
2024-07-09,0.7157800197601318,True,20
2024-07-10,0.6946572065353394,True,17
2024-07-11,0.6741150617599487,True,16
2024-07-12,0.6671354174613953,True,17
2024-07-15,0.6672676801681519,True,14
2024-07-16,0.669093668460846,True,14
2024-07-17,0.6632264852523804,True,14
2024-07-18,0.6633240580558777,True,13
2024-07-19,0.6616547703742981,True,13
2024-07-22,0.6580100655555725,True,15
2024-07-23,0.6573179364204407,True,12
2024-07-24,0.6612269282341003,True,16
2024-07-25,0.6639041900634766,True,16
2024-07-26,0.663493275642395,True,14
2024-07-29,0.661861002445221,True,15
2024-07-30,0.6624242663383484,True,15
2024-07-31,0.6641255617141724,True,14
2024-08-01,0.6903352737426758,True,19
2024-08-02,0.7711831331253052,True,27
2024-08-05,0.8670558333396912,True,34
2024-08-06,0.8649264574050903,True,42
2024-08-07,0.8677378296852112,True,36
2024-08-08,0.8722635507583618,True,42
2024-08-09,0.8385262489318848,True,39
2024-08-12,0.887514054775238,True,54
2024-08-13,0.8671882152557373,True,48
2024-08-14,0.862372636795044,True,47
2024-08-15,0.8779653310775757,True,46
2024-08-16,0.836315929889679,True,35
2024-08-19,0.8205079436302185,True,22
2024-08-20,0.8227696418762207,True,37
2024-08-21,0.820350706577301,True,34
2024-08-22,0.7609796524047852,True,24
2024-08-23,0.8084173798561096,True,21
2024-08-26,0.8559717535972595,True,26
2024-08-27,0.8505919575691223,True,41
2024-08-28,0.8457071185112,True,30
2024-08-29,0.8451481461524963,True,22
2024-08-30,0.7218363881111145,True,19
2024-09-03,0.7190847992897034,True,16
2024-09-04,0.658327043056488,True,17
2024-09-05,0.6539259552955627,True,12
2024-09-06,0.6542602777481079,True,15
2024-09-09,0.6526573896408081,True,13
2024-09-10,0.6537306308746338,True,15
2024-09-11,0.6536383032798767,True,14
2024-09-12,0.6535491943359375,True,13
2024-09-13,0.6539429426193237,True,13
2024-09-16,0.6535316109657288,True,13
2024-09-17,0.6522961854934692,True,13
2024-09-18,0.6526275873184204,True,15
2024-09-19,0.6531974673271179,True,14
2024-09-20,0.6566776633262634,True,14
2024-09-23,0.6535612344741821,True,14
2024-09-24,0.6530542969703674,True,15
2024-09-25,0.6548042297363281,True,16
2024-09-26,0.655123770236969,True,13
2024-09-27,0.6535190939903259,True,14
2024-09-30,0.6550008058547974,True,13
2024-10-01,0.655697762966156,True,15
2024-10-02,0.6577225923538208,True,15
2024-10-03,0.7126582860946655,True,22
2024-10-04,0.7144793272018433,True,17
2024-10-07,0.7530373930931091,True,21
2024-10-08,0.6819285154342651,True,19
2024-10-09,0.6875762939453125,True,18
2024-10-10,0.7495195269584656,True,21
2024-10-11,0.7275495529174805,True,21
2024-10-14,0.6913256049156189,True,19
2024-10-15,0.6608607769012451,True,16
2024-10-16,0.6606553792953491,True,14
2024-10-17,0.6768888235092163,True,18
2024-10-18,0.6723856329917908,True,17
2024-10-21,0.6719552278518677,True,15
2024-10-22,0.6810483336448669,True,18
2024-10-23,0.6903782486915588,True,18
2024-10-24,0.6918007731437683,True,18
2024-10-25,0.6998842358589172,True,19
2024-10-28,0.6892294883728027,True,18
2024-10-29,0.6856242418289185,True,18
2024-10-30,0.6948798298835754,True,19
2024-10-31,0.6836735010147095,True,17
2024-11-01,0.6806987524032593,True,17
2024-11-04,0.682422935962677,True,16
2024-11-05,0.6742653250694275,True,18
2024-11-06,0.7521201372146606,True,22
2024-11-07,0.6900085806846619,True,17
2024-11-08,0.7191718220710754,True,20
2024-11-11,0.7442227602005005,True,22
2024-11-12,0.6698197722434998,True,15
2024-11-13,0.676612913608551,True,18
2024-11-14,0.6630828976631165,True,16
2024-11-15,0.6654363870620728,True,17
2024-11-18,0.6595657467842102,True,15
2024-11-19,0.6726434826850891,True,18
2024-11-20,0.6832979321479797,True,17
2024-11-21,0.7464609742164612,True,23
2024-11-22,0.7864493131637573,True,20
2024-11-25,0.7352434396743774,True,20
2024-11-26,0.7455459833145142,True,24
2024-11-27,0.7506959438323975,True,21
2024-11-29,0.7315562963485718,True,18
2024-12-02,0.7672938108444214,True,25
2024-12-03,0.7703919410705566,True,24
2024-12-04,0.7427865862846375,True,21
2024-12-05,0.7166586518287659,True,19
2024-12-06,0.6618693470954895,True,16
2024-12-09,0.6625419855117798,True,16
2024-12-10,0.6648989319801331,True,15
2024-12-11,0.689048707485199,True,18
2024-12-12,0.6797488331794739,True,17
2024-12-13,0.6761035919189453,True,16
2024-12-16,0.6699584722518921,True,18
2024-12-17,0.6791611313819885,True,17
2024-12-18,0.7015679478645325,True,18
2024-12-19,0.801217794418335,True,24
2024-12-20,0.768866777420044,True,26
2024-12-23,0.756293773651123,True,18
2024-12-24,0.747413694858551,True,16
2024-12-26,0.7097995281219482,True,21
2024-12-27,0.7105088829994202,True,19
2024-12-30,0.7856345772743225,True,25
2024-12-31,0.8279033899307251,True,29
2025-01-02,0.7992424368858337,True,21
2025-01-03,0.7883038520812988,True,25
2025-01-06,0.7853445410728455,True,29
2025-01-07,0.8653330206871033,True,21
2025-01-08,0.807468593120575,True,22
2025-01-10,0.7526933550834656,True,24
2025-01-13,0.7563068270683289,True,20
2025-01-14,0.7588945627212524,True,20
2025-01-15,0.7046672701835632,True,19
2025-01-16,0.7050812840461731,True,15
2025-01-17,0.7089820504188538,True,19
2025-01-21,0.6773238778114319,True,17
2025-01-22,0.7960039973258972,True,23
2025-01-23,0.7442763447761536,True,18
2025-01-24,0.7404416799545288,True,19
2025-01-27,0.6790850758552551,True,17
2025-01-28,0.6751061081886292,True,17
2025-01-29,0.6713446378707886,True,16
2025-01-30,0.6800454258918762,True,14
2025-01-31,0.6846712827682495,True,18
2025-02-03,0.6941483616828918,True,17
2025-02-04,0.6898863911628723,True,19
2025-02-05,0.6762742400169373,True,18
2025-02-06,0.6696112155914307,True,15
2025-02-07,0.671075165271759,True,15
2025-02-10,0.6906543374061584,True,18
2025-02-11,0.6703805923461914,True,17
2025-02-12,0.6792051196098328,True,18
2025-02-13,0.6854929327964783,True,14
2025-02-14,0.6688099503517151,True,15
2025-02-18,0.6590932011604309,True,14
2025-02-19,0.6561158299446106,True,14
2025-02-20,0.6525826454162598,True,13
2025-02-21,0.6548270583152771,True,17
2025-02-24,0.6547656655311584,True,14
2025-02-25,0.654852032661438,True,15
2025-02-26,0.6660541296005249,True,16
2025-02-27,0.6766558885574341,True,15
2025-02-28,0.6703237295150757,True,17
2025-03-03,0.7880305051803589,True,19
2025-03-04,0.7437829375267029,True,18
2025-03-05,0.7963079214096069,True,30
2025-03-06,0.7882111072540283,True,16
2025-03-07,0.7854283452033997,True,24
2025-03-10,0.750553548336029,True,24
2025-03-11,0.7554454207420349,True,25
2025-03-12,0.7580177783966064,True,25
2025-03-13,0.7577274441719055,True,21
2025-03-14,0.7656962275505066,True,23
2025-03-17,0.7658271193504333,True,22
2025-03-18,0.7819901704788208,True,24
2025-03-19,0.7777217030525208,True,26
2025-03-20,0.7762897610664368,True,27
2025-03-21,0.7912236452102661,True,28
2025-03-24,0.8603367209434509,True,24
2025-03-25,0.8419825434684753,True,39
2025-03-26,0.8540138006210327,True,28
2025-03-27,0.8469462990760803,True,34
2025-03-28,0.8129385709762573,True,34
2025-03-31,0.801710307598114,True,23
2025-04-01,0.816622793674469,True,23
2025-04-02,0.8393803238868713,True,25
2025-04-03,0.7493224740028381,True,18
2025-04-04,0.8729079365730286,True,45
2025-04-07,0.8718499541282654,True,50
2025-04-08,0.8599420785903931,True,46
2025-04-09,0.9155560731887817,True,68
2025-04-10,0.8287575840950012,True,24
2025-04-11,0.8223485946655273,True,28
2025-04-14,0.8242987990379333,True,34
2025-04-15,0.8239096999168396,True,29
2025-04-16,0.8303164839744568,True,31
2025-04-17,0.8361737728118896,True,33
2025-04-21,0.8365761041641235,True,38
2025-04-22,0.8369197845458984,True,34
2025-04-23,0.8428797721862793,True,39
2025-04-24,0.8357104063034058,True,36
2025-04-25,0.8262165784835815,True,33
2025-04-28,0.8181352615356445,True,32
2025-04-29,0.774266242980957,True,25
2025-04-30,0.7545008659362793,True,23
2025-05-01,0.7637254595756531,True,24
2025-05-02,0.7738518714904785,True,24
2025-05-05,0.7622810006141663,True,23
2025-05-06,0.7269671559333801,True,19
2025-05-07,0.7577623128890991,True,25
2025-05-08,0.8040969967842102,True,21
2025-05-09,0.6713359355926514,True,16
2025-05-12,0.7411658763885498,True,18
2025-05-13,0.7443532347679138,True,20
2025-05-14,0.7316163778305054,True,20
2025-05-15,0.7290492057800293,True,19
2025-05-16,0.7095586061477661,True,18
2025-05-19,0.6882402896881104,True,15
2025-05-20,0.6871243119239807,True,16
2025-05-21,0.6604817509651184,True,16
2025-05-22,0.6641295552253723,True,16
2025-05-23,0.654638409614563,True,15
2025-05-27,0.6562446355819702,True,14
2025-05-28,0.6577775478363037,True,14
2025-05-29,0.6617836952209473,True,13
2025-05-30,0.6823886632919312,True,14
2025-06-02,0.6881077885627747,True,15
2025-06-03,0.7105011940002441,True,17
2025-06-04,0.737938404083252,True,20
2025-06-05,0.8298915028572083,True,28
2025-06-06,0.8413664102554321,True,35
2025-06-09,0.8153344392776489,True,29
2025-06-10,0.8020087480545044,True,24
2025-06-11,0.7461633682250977,True,21
2025-06-12,0.7374817728996277,True,19
2025-06-13,0.7295205593109131,True,21
2025-06-16,0.7106569409370422,True,19
2025-06-17,0.7189294695854187,True,20
2025-06-18,0.7158825993537903,True,19
2025-06-20,0.7482089400291443,True,18
2025-06-23,0.7177062630653381,True,22
2025-06-24,0.7146624326705933,True,20
2025-06-25,0.6828404068946838,True,18
2025-06-26,0.7055680751800537,True,20
2025-06-27,0.7035778760910034,True,20
2025-06-30,0.7107236981391907,True,16
2025-07-01,0.7140122652053833,True,18
2025-07-02,0.6720539927482605,True,16
2025-07-03,0.6751086711883545,True,15
2025-07-07,0.700163722038269,True,19
2025-07-08,0.6828065514564514,True,19
2025-07-09,0.6773837208747864,True,16
2025-07-10,0.6718999743461609,True,18
2025-07-11,0.7136755585670471,True,20
2025-07-14,0.6708617210388184,True,17
2025-07-15,0.6605932116508484,True,17
2025-07-16,0.6567620038986206,True,14
2025-07-17,0.6605560183525085,True,15
2025-07-18,0.6585465669631958,True,15
2025-07-21,0.6648651957511902,True,15
2025-07-22,0.6634276509284973,True,14
2025-07-23,0.701937198638916,True,18
2025-07-24,0.7318153381347656,True,18
2025-07-25,0.7195214033126831,True,20
2025-07-28,0.7097398042678833,True,20
2025-07-29,0.7310270071029663,True,21
2025-07-30,0.6999285817146301,True,18
2025-07-31,0.7217585444450378,True,21
2025-08-01,0.7622929811477661,True,25
2025-08-04,0.7689349055290222,True,21
2025-08-05,0.6945719122886658,True,21
2025-08-06,0.689552366733551,True,18
2025-08-07,0.6923906803131104,True,18
2025-08-08,0.6842867136001587,True,18
2025-08-11,0.6633734107017517,True,16
2025-08-12,0.6613808870315552,True,14
2025-08-13,0.6613513231277466,True,15
2025-08-14,0.6638458967208862,True,15
2025-08-15,0.65953528881073,True,16
2025-08-18,0.659542977809906,True,14
2025-08-19,0.6573518514633179,True,13
2025-08-20,0.6628485321998596,True,16
2025-08-21,0.6618739366531372,True,16
2025-08-22,0.6613903045654297,True,15
2025-08-25,0.6679609417915344,True,17
2025-08-26,0.6612350344657898,True,16
2025-08-27,0.659335732460022,True,14
2025-08-28,0.6599096059799194,True,14
2025-08-29,0.660194993019104,True,13
2025-09-02,0.6671597957611084,True,17
2025-09-03,0.6639247536659241,True,15
2025-09-04,0.6639944911003113,True,13
2025-09-05,0.6661573052406311,True,14
2025-09-08,0.6692920327186584,True,16
2025-09-09,0.6744555830955505,True,18
2025-09-10,0.6792516708374023,True,17
2025-09-11,0.6774476170539856,True,16
2025-09-12,0.6872208714485168,True,18
2025-09-15,0.688210129737854,True,18
2025-09-16,0.6812111735343933,True,16
2025-09-17,0.6752469539642334,True,16
2025-09-18,0.6788617372512817,True,14
2025-09-19,0.6724668741226196,True,17
2025-09-22,0.6712740063667297,True,16
2025-09-23,0.6741388440132141,True,17
2025-09-24,0.6832506060600281,True,17
2025-09-25,0.681779146194458,True,17
2025-09-26,0.6871027946472168,True,15
2025-09-29,0.6861937642097473,True,16
2025-09-30,0.6809051036834717,True,17
2025-10-01,0.6634142994880676,True,17
2025-10-02,0.6627826690673828,True,15
2025-10-03,0.6650075316429138,True,14
2025-10-06,0.7219550609588623,True,19
2025-10-07,0.7104309797286987,True,17
2025-10-08,0.7195059061050415,True,17
2025-10-09,0.6917710304260254,True,20
2025-10-10,0.6762528419494629,True,17
2025-10-13,0.6917016506195068,True,19
2025-10-14,0.6713568568229675,True,15
2025-10-15,0.7001917362213135,True,19
2025-10-16,0.7375575304031372,True,22
2025-10-17,0.7519729733467102,True,24
2025-10-20,0.7487558722496033,True,22
2025-10-21,0.8077579140663147,True,21
2025-10-22,0.8509525060653687,True,44
2025-10-23,0.821986973285675,True,31
2025-10-24,0.7861381769180298,True,25
2025-10-27,0.8396080732345581,True,38
2025-10-28,0.8425328135490417,True,29
2025-10-29,0.872604489326477,True,38
2025-10-30,0.8030208349227905,True,28
2025-10-31,0.7894562482833862,True,29
2025-11-03,0.8006815910339355,True,21
2025-11-04,0.7910981774330139,True,30
2025-11-05,0.7904949188232422,True,27
2025-11-06,0.7981139421463013,True,29
2025-11-07,0.7552992105484009,True,21
2025-11-10,0.7388014197349548,True,18
2025-11-11,0.7224946022033691,True,20
2025-11-12,0.7540199756622314,True,23
2025-11-13,0.7206507325172424,True,19
2025-11-14,0.7141086459159851,True,19
2025-11-17,0.7129749655723572,True,20
2025-11-18,0.7264553308486938,True,21
2025-11-19,0.683651328086853,True,18
2025-11-20,0.672853410243988,True,17
2025-11-21,0.6622723937034607,True,17
2025-11-24,0.6657271385192871,True,15
2025-11-25,0.6565898656845093,True,15
2025-11-26,0.6599807739257812,True,15
2025-11-28,0.6626801490783691,True,15
2025-12-01,0.6606646776199341,True,14
2025-12-02,0.6571289300918579,True,15
2025-12-03,0.6582396030426025,True,13
2025-12-04,0.6604268550872803,True,14
2025-12-05,0.6606091856956482,True,15
2025-12-08,0.660152792930603,True,15
2025-12-09,0.6593571901321411,True,13
2025-12-10,0.6563209295272827,True,14
2025-12-11,0.6559684872627258,True,14
2025-12-12,0.6573016047477722,True,13
2025-12-15,0.6592242121696472,True,13
2025-12-16,0.6569784879684448,True,15
2025-12-17,0.6583361625671387,True,15
2025-12-18,0.6597869396209717,True,13
2025-12-19,0.6594204306602478,True,12
2025-12-22,0.665459930896759,True,15
2025-12-23,0.680199146270752,True,17
2025-12-24,0.672930121421814,True,15
2025-12-26,0.7005544900894165,True,20
2025-12-29,0.7137069702148438,True,20
2025-12-30,0.7241930365562439,True,18
2025-12-31,0.7126692533493042,True,19
2026-01-02,0.6968054175376892,True,19
2026-01-05,0.7183994054794312,True,18
2026-01-06,0.700360119342804,True,19
2026-01-07,0.7209786772727966,True,21
2026-01-08,0.7079468965530396,True,21
2026-01-09,0.701909065246582,True,17
2026-01-12,0.7024067044258118,True,19
2026-01-13,0.7065364718437195,True,19
2026-01-14,0.706113338470459,True,19
2026-01-15,0.7084764838218689,True,20
2026-01-16,0.704681932926178,True,19
2026-01-20,0.7009167671203613,True,22
2026-01-21,0.688484251499176,True,17
2026-01-22,0.6922786831855774,True,19
2026-01-23,0.7242878675460815,True,20
2026-01-26,0.7169409394264221,True,19
2026-01-27,0.7000530362129211,True,19
2026-01-28,0.6848614811897278,True,19
2026-01-29,0.6901944875717163,True,18
2026-01-30,0.6904313564300537,True,18
2026-02-02,0.6775763630867004,True,16
2026-02-03,0.6707757115364075,True,16
2026-02-04,0.6694872975349426,True,15
2026-02-05,0.6886164546012878,True,15
2026-02-06,0.6966426968574524,True,16
2026-02-09,0.6925784945487976,True,14
2026-02-10,0.6908146142959595,True,17
2026-02-11,0.6878418326377869,True,18
2026-02-12,0.6689501404762268,True,16
2026-02-13,0.6743786334991455,True,14
2026-02-17,0.6723282337188721,True,15
2026-02-18,0.6770039200782776,True,16
2026-02-19,0.689285397529602,True,16
2026-02-20,0.6760940551757812,True,16
2026-02-23,0.6620899438858032,True,16
2026-02-24,0.68916916847229,True,16
2026-02-25,0.6951355338096619,True,15
2026-02-26,0.7179818749427795,True,18
2026-02-27,0.7377436757087708,True,21
2026-03-02,0.7002198100090027,True,18
2026-03-03,0.7075018286705017,True,18
2026-03-04,0.6907114386558533,True,18
2026-03-05,0.7118528485298157,True,19
2026-03-06,0.6875177025794983,True,17
2026-03-09,0.6645790934562683,True,17
2026-03-10,0.6841455698013306,True,17
2026-03-11,0.7249387502670288,True,21
2026-03-12,0.7175412774085999,True,21
2026-03-13,0.7117175459861755,True,15
2026-03-16,0.7097394466400146,True,19
2026-03-17,0.7085503339767456,True,19
2026-03-18,0.7256504893302917,True,20
2026-03-19,0.6892898678779602,True,18
2026-03-20,0.6809445023536682,True,17
2026-03-23,0.6856496930122375,True,18
2026-03-24,0.6711089015007019,True,18
2026-03-25,0.6737622022628784,True,16
2026-03-26,0.6740601062774658,True,15
2026-03-27,0.6635568141937256,True,15
2026-03-30,0.6599493622779846,True,13
2026-03-31,0.6576531529426575,True,15
2026-04-01,0.6601213812828064,True,14
2026-04-02,0.6591024994850159,True,13
2026-04-06,0.6557015180587769,True,13
2026-04-07,0.6568048596382141,True,13
2026-04-08,0.6578277945518494,True,15
2026-04-09,0.6613235473632812,True,15
2026-04-10,0.6689561009407043,True,17
2026-04-13,0.675673246383667,True,18
2026-04-14,0.7005818486213684,True,16
2026-04-15,0.6833232045173645,True,17
2026-04-16,0.6646554470062256,True,17
2026-04-17,0.6875434517860413,True,18
2026-04-20,0.7233337163925171,True,20
2026-04-21,0.7776508331298828,True,27
2026-04-22,0.7774752378463745,True,27
2026-04-23,0.7752423286437988,True,22
2026-04-24,0.7537131905555725,True,20
2026-04-27,0.749554455280304,True,24
2026-04-28,0.7521882057189941,True,18
2026-04-29,0.7632032632827759,True,23
2026-04-30,0.7040782570838928,True,19
2026-05-01,0.6843640804290771,True,17
2026-05-04,0.682707667350769,True,17
2026-05-05,0.6934971809387207,True,17
2026-05-06,0.7428112626075745,True,23
2026-05-07,0.7242239117622375,True,20
2026-05-08,0.7258307933807373,True,19
2026-05-11,0.7396190762519836,True,18
2026-05-12,0.7337490320205688,True,19
2026-05-13,0.7130374312400818,True,20
2026-05-14,0.6981714963912964,True,16
2026-05-15,0.7307724952697754,True,19
2026-05-18,0.7225154638290405,True,17
2026-05-19,0.6975080370903015,True,19
2026-05-20,0.6775832176208496,True,17
2026-05-21,0.6658656001091003,True,17
2026-05-22,0.6649187207221985,True,14
2026-05-26,0.6658173203468323,True,15
2026-05-27,0.6621493101119995,True,16
2026-05-28,0.6646916270256042,True,15
2026-05-29,0.6658926606178284,True,14
2026-06-01,0.6665070056915283,True,15
2026-06-02,0.6657405495643616,True,15
2026-06-03,0.6614623665809631,True,16
2026-06-04,0.6636539697647095,True,13
2026-06-05,0.6880859136581421,True,18
2026-06-08,0.6954712271690369,True,19
2026-06-09,0.7426162362098694,True,23
2026-06-10,0.8044319152832031,True,31
2026-06-11,0.7966048717498779,True,19
2026-06-12,0.8261885046958923,True,31
2026-06-15,0.8771895170211792,True,30
2026-06-16,0.8520675897598267,True,33
2026-06-17,0.9120950102806091,True,75
2026-06-18,0.8698770999908447,True,30
2026-06-22,0.8563912510871887,True,43
2026-06-23,0.8626329302787781,True,21
2026-06-24,0.8632690906524658,True,46
2026-06-25,0.7564414143562317,True,24
2026-06-26,0.740922749042511,True,23
2026-06-29,0.7464336156845093,True,22
2026-06-30,0.7431914210319519,True,22
2026-07-01,0.7488682270050049,True,22
2026-07-02,0.7383556365966797,True,21
2026-07-06,0.7354335188865662,True,18
2026-07-07,0.709042489528656,True,18
2026-07-08,0.7106793522834778,True,19
2026-07-09,0.7618865370750427,True,23
2026-07-10,0.7906685471534729,True,27
2026-07-13,0.7923272848129272,True,28
2026-07-14,0.7747609615325928,True,18
2026-07-15,0.7405600547790527,True,19
2026-07-16,0.701994001865387,True,18
2026-07-17,0.7161902785301208,True,20
2026-07-20,0.7265629768371582,True,18
2026-07-21,0.7449443936347961,True,23
2026-07-22,0.7794473171234131,True,27
2026-07-23,0.7390032410621643,True,19
2026-07-24,0.691332995891571,True,17
2026-07-27,0.7400810122489929,True,20
2026-07-28,0.7146486043930054,True,18
2026-07-29,0.7644490599632263,True,21
2026-07-30,0.799336314201355,True,24
2026-07-31,0.734674870967865,True,18
2026-08-03,0.7167465686798096,True,19
2026-08-04,0.7041834592819214,True,21
2026-08-05,0.6911949515342712,True,17
2026-08-06,0.6676845550537109,True,16
2026-08-07,0.6656951308250427,True,15
2026-08-10,0.6675596833229065,True,15
2026-08-11,0.6579738855361938,True,15
